yt8M_id,hunt_title,hunt_dict,hunt
HTft,FALSE,FALSE,FALSE
VX3C,FALSE,FALSE,FALSE
j2Er,FALSE,TRUE,TRUE
3HOO,FALSE,FALSE,FALSE
6nfW,TRUE,FALSE,TRUE
NX6e,TRUE,FALSE,TRUE
zmk6,FALSE,FALSE,FALSE
qX7a,FALSE,FALSE,FALSE
3Z4A,FALSE,FALSE,FALSE
kugn,FALSE,TRUE,TRUE
2D9o,FALSE,FALSE,FALSE
Tvnd,FALSE,FALSE,FALSE
A9Jp,FALSE,FALSE,FALSE
f3CR,FALSE,FALSE,FALSE
8wSl,FALSE,FALSE,FALSE
c5bl,FALSE,FALSE,FALSE
Vzzo,FALSE,FALSE,FALSE
q6q3,FALSE,FALSE,FALSE
n5Fs,FALSE,TRUE,TRUE
t0Bw,FALSE,FALSE,FALSE
HKe5,FALSE,FALSE,FALSE
vl93,FALSE,,FALSE
jId6,FALSE,FALSE,FALSE
jVOi,FALSE,FALSE,FALSE
k1zc,FALSE,FALSE,FALSE
m6yR,FALSE,FALSE,FALSE
bf5f,FALSE,FALSE,FALSE
N18Y,FALSE,FALSE,FALSE
XsYW,FALSE,FALSE,FALSE
OS8Z,FALSE,FALSE,FALSE
gvQ3,FALSE,FALSE,FALSE
hg9C,FALSE,FALSE,FALSE
H9s4,FALSE,FALSE,FALSE
h8wH,FALSE,FALSE,FALSE
xlED,TRUE,TRUE,TRUE
Fk1r,FALSE,FALSE,FALSE
MHCW,FALSE,FALSE,FALSE
cpJm,FALSE,FALSE,FALSE
oiqg,FALSE,FALSE,FALSE
HWCr,FALSE,FALSE,FALSE
cb44,FALSE,FALSE,FALSE
0pbB,FALSE,FALSE,FALSE
kAg3,FALSE,FALSE,FALSE
3MK0,TRUE,FALSE,TRUE
MkPf,FALSE,FALSE,FALSE
1JZp,FALSE,FALSE,FALSE
HsQi,FALSE,FALSE,FALSE
g36T,FALSE,FALSE,FALSE
gQgI,FALSE,FALSE,FALSE
RrfA,FALSE,FALSE,FALSE
U4WQ,FALSE,FALSE,FALSE
HUXJ,FALSE,FALSE,FALSE
bgFU,FALSE,FALSE,FALSE
v6Jb,FALSE,FALSE,FALSE
ckRp,FALSE,FALSE,FALSE
1GkD,FALSE,FALSE,FALSE
Tvwp,TRUE,FALSE,TRUE
MxCz,FALSE,FALSE,FALSE
cQLr,FALSE,FALSE,FALSE
jaMK,FALSE,FALSE,FALSE
j754,TRUE,FALSE,TRUE
HSxR,FALSE,FALSE,FALSE
qV7K,FALSE,TRUE,TRUE
Fqcv,FALSE,FALSE,FALSE
dZtG,FALSE,FALSE,FALSE
4OWh,FALSE,FALSE,FALSE
pi3C,FALSE,FALSE,FALSE
tZnF,FALSE,FALSE,FALSE
gppj,FALSE,FALSE,FALSE
L3Y7,FALSE,FALSE,FALSE
6Rnt,FALSE,,FALSE
sY6e,FALSE,FALSE,FALSE
Pkmb,FALSE,FALSE,FALSE
6Sir,FALSE,FALSE,FALSE
x4s1,FALSE,FALSE,FALSE
MF1C,FALSE,FALSE,FALSE
CQsG,FALSE,FALSE,FALSE
wsnG,FALSE,TRUE,TRUE
CPLf,FALSE,FALSE,FALSE
geO1,FALSE,FALSE,FALSE
MfNZ,FALSE,FALSE,FALSE
CHLs,FALSE,FALSE,FALSE
G73Q,FALSE,TRUE,TRUE
mySa,FALSE,FALSE,FALSE
ZJtc,FALSE,FALSE,FALSE
xAML,FALSE,FALSE,FALSE
mdpd,FALSE,FALSE,FALSE
HqdQ,FALSE,FALSE,FALSE
rXwN,FALSE,FALSE,FALSE
Me1G,FALSE,FALSE,FALSE
1vhB,FALSE,FALSE,FALSE
qlxI,FALSE,FALSE,FALSE
1L5X,FALSE,FALSE,FALSE
hqSU,FALSE,FALSE,FALSE
m6sr,FALSE,FALSE,FALSE
Q8IG,FALSE,FALSE,FALSE
bUNn,FALSE,FALSE,FALSE
aJ5h,FALSE,FALSE,FALSE
ltaN,FALSE,TRUE,TRUE
UXRo,FALSE,FALSE,FALSE
NgXq,FALSE,FALSE,FALSE
C8CR,TRUE,FALSE,TRUE
Yr9Z,FALSE,FALSE,FALSE
E0j8,FALSE,FALSE,FALSE
zh9J,FALSE,FALSE,FALSE
NK0o,FALSE,TRUE,TRUE
Adae,FALSE,FALSE,FALSE
cvyG,TRUE,FALSE,TRUE
nMdP,FALSE,FALSE,FALSE
apAF,FALSE,FALSE,FALSE
kD1n,FALSE,TRUE,TRUE
yDSL,FALSE,FALSE,FALSE
tVQg,FALSE,FALSE,FALSE
BC84,FALSE,FALSE,FALSE
iqqn,FALSE,FALSE,FALSE
WobE,FALSE,FALSE,FALSE
Jqgh,FALSE,TRUE,TRUE
AtFl,FALSE,TRUE,TRUE
hWcl,FALSE,FALSE,FALSE
oY6F,TRUE,FALSE,TRUE
TyoT,FALSE,FALSE,FALSE
Z24N,FALSE,FALSE,FALSE
8yq4,FALSE,FALSE,FALSE
Egbd,TRUE,FALSE,TRUE
aTeK,FALSE,FALSE,FALSE
B9aK,FALSE,FALSE,FALSE
kFUL,FALSE,FALSE,FALSE
GBlk,FALSE,FALSE,FALSE
Cu1y,FALSE,FALSE,FALSE
sVzP,FALSE,FALSE,FALSE
mQde,FALSE,FALSE,FALSE
lcnC,FALSE,FALSE,FALSE
eiwX,FALSE,FALSE,FALSE
k63Z,FALSE,,FALSE
0nvV,FALSE,FALSE,FALSE
SKCY,FALSE,FALSE,FALSE
2ZHW,FALSE,FALSE,FALSE
BZv2,FALSE,FALSE,FALSE
s1IV,FALSE,FALSE,FALSE
BACH,FALSE,FALSE,FALSE
I5nO,FALSE,,FALSE
1GXZ,FALSE,FALSE,FALSE
DL9J,FALSE,FALSE,FALSE
Qd5a,FALSE,FALSE,FALSE
4Fda,FALSE,TRUE,TRUE
unKT,FALSE,FALSE,FALSE
RNve,FALSE,FALSE,FALSE
VFhl,FALSE,FALSE,FALSE
wvEz,FALSE,FALSE,FALSE
CPOA,FALSE,FALSE,FALSE
O5Wh,FALSE,FALSE,FALSE
haAQ,FALSE,FALSE,FALSE
ORiH,TRUE,FALSE,TRUE
6TT9,TRUE,FALSE,TRUE
Br1K,FALSE,FALSE,FALSE
ZFEC,FALSE,FALSE,FALSE
YVje,FALSE,FALSE,FALSE
ydsF,FALSE,FALSE,FALSE
BGoR,FALSE,FALSE,FALSE
cAVz,FALSE,FALSE,FALSE
83pT,FALSE,FALSE,FALSE
Oj9F,FALSE,FALSE,FALSE
5XHo,FALSE,FALSE,FALSE
28R1,FALSE,FALSE,FALSE
Fs9Z,FALSE,FALSE,FALSE
kNrv,FALSE,FALSE,FALSE
89zT,FALSE,FALSE,FALSE
CnhY,FALSE,FALSE,FALSE
255d,FALSE,FALSE,FALSE
33C7,FALSE,FALSE,FALSE
b9D0,FALSE,FALSE,FALSE
iAVr,FALSE,,FALSE
IxMp,FALSE,FALSE,FALSE
LiEL,FALSE,FALSE,FALSE
pQPa,FALSE,FALSE,FALSE
LHJN,FALSE,FALSE,FALSE
4SIw,FALSE,FALSE,FALSE
qOld,FALSE,FALSE,FALSE
6O59,FALSE,FALSE,FALSE
hsUV,FALSE,FALSE,FALSE
nlEw,FALSE,FALSE,FALSE
GWlH,FALSE,FALSE,FALSE
Jbhb,FALSE,FALSE,FALSE
caxf,FALSE,FALSE,FALSE
oWcB,FALSE,FALSE,FALSE
4YLa,FALSE,FALSE,FALSE
EjDb,FALSE,FALSE,FALSE
yAKC,FALSE,FALSE,FALSE
o1Xg,FALSE,FALSE,FALSE
UkUF,FALSE,FALSE,FALSE
LJ3t,FALSE,FALSE,FALSE
PmbG,FALSE,FALSE,FALSE
Bf3B,TRUE,TRUE,TRUE
jH9z,FALSE,TRUE,TRUE
LSf7,FALSE,FALSE,FALSE
Z2Ie,FALSE,FALSE,FALSE
rawz,FALSE,FALSE,FALSE
shFp,FALSE,TRUE,TRUE
6mix,TRUE,FALSE,TRUE
BSiP,FALSE,FALSE,FALSE
pCGU,TRUE,FALSE,TRUE
U0lz,FALSE,FALSE,FALSE
zvAS,FALSE,FALSE,FALSE
VwH4,FALSE,TRUE,TRUE
VW5h,FALSE,FALSE,FALSE
Zh4c,FALSE,FALSE,FALSE
y2WT,FALSE,FALSE,FALSE
bVtR,FALSE,FALSE,FALSE
i7dC,FALSE,FALSE,FALSE
xk1f,FALSE,FALSE,FALSE
NmwS,FALSE,FALSE,FALSE
6pcG,FALSE,FALSE,FALSE
hheb,FALSE,FALSE,FALSE
HxMR,FALSE,FALSE,FALSE
CEyU,FALSE,FALSE,FALSE
hcIw,FALSE,FALSE,FALSE
FnSQ,FALSE,FALSE,FALSE
WeOe,FALSE,FALSE,FALSE
XS47,FALSE,FALSE,FALSE
intf,FALSE,FALSE,FALSE
heEs,FALSE,FALSE,FALSE
tcAn,TRUE,FALSE,TRUE
eG7Y,TRUE,TRUE,TRUE
8ivc,FALSE,FALSE,FALSE
Qdvh,FALSE,FALSE,FALSE
7dB8,FALSE,FALSE,FALSE
PLC1,FALSE,FALSE,FALSE
OVzV,FALSE,FALSE,FALSE
sP1E,TRUE,FALSE,TRUE
iJy1,FALSE,FALSE,FALSE
ctne,FALSE,FALSE,FALSE
k0Uq,FALSE,FALSE,FALSE
6KPM,TRUE,FALSE,TRUE
C2Zz,FALSE,FALSE,FALSE
zpwN,FALSE,FALSE,FALSE
cVDS,FALSE,FALSE,FALSE
TTuF,FALSE,FALSE,FALSE
NDCO,FALSE,FALSE,FALSE
6avt,FALSE,FALSE,FALSE
lAMU,FALSE,FALSE,FALSE
z7qs,FALSE,FALSE,FALSE
o2OD,TRUE,FALSE,TRUE
clsD,FALSE,FALSE,FALSE
HBV7,FALSE,TRUE,TRUE
EngL,FALSE,FALSE,FALSE
4juQ,FALSE,FALSE,FALSE
vakt,FALSE,FALSE,FALSE
cTPQ,FALSE,FALSE,FALSE
ojup,TRUE,FALSE,TRUE
UhWA,FALSE,FALSE,FALSE
YIo7,FALSE,FALSE,FALSE
OBjN,FALSE,FALSE,FALSE
X9N9,FALSE,FALSE,FALSE
4wEd,FALSE,FALSE,FALSE
IqJX,FALSE,FALSE,FALSE
aLvP,FALSE,FALSE,FALSE
7fo0,FALSE,FALSE,FALSE
hsBG,FALSE,FALSE,FALSE
QQu3,FALSE,FALSE,FALSE
LEYg,FALSE,FALSE,FALSE
76RZ,FALSE,FALSE,FALSE
ZVR9,FALSE,FALSE,FALSE
hnk1,FALSE,FALSE,FALSE
1seR,FALSE,FALSE,FALSE
ioWK,FALSE,FALSE,FALSE
fdrR,FALSE,FALSE,FALSE
1JsL,FALSE,FALSE,FALSE
ihlY,FALSE,FALSE,FALSE
CJlz,FALSE,FALSE,FALSE
i1Vu,FALSE,FALSE,FALSE
jLtZ,FALSE,FALSE,FALSE
Drd2,FALSE,FALSE,FALSE
6F0O,FALSE,FALSE,FALSE
V1jJ,FALSE,FALSE,FALSE
Jc3B,FALSE,FALSE,FALSE
w0dO,TRUE,FALSE,TRUE
e5XO,FALSE,FALSE,FALSE
h9vb,TRUE,FALSE,TRUE
6hSv,FALSE,FALSE,FALSE
3wDC,FALSE,FALSE,FALSE
rNTM,TRUE,FALSE,TRUE
9drQ,FALSE,FALSE,FALSE
c4GF,FALSE,FALSE,FALSE
YVNa,FALSE,FALSE,FALSE
qQbG,FALSE,FALSE,FALSE
p9fg,FALSE,FALSE,FALSE
fC1p,FALSE,FALSE,FALSE
KFYx,FALSE,FALSE,FALSE
ZOn2,FALSE,FALSE,FALSE
wN3A,FALSE,FALSE,FALSE
c1ql,FALSE,FALSE,FALSE
oV0f,FALSE,FALSE,FALSE
W70S,FALSE,FALSE,FALSE
nH9u,FALSE,FALSE,FALSE
imSp,FALSE,TRUE,TRUE
6uAl,TRUE,FALSE,TRUE
odgA,FALSE,FALSE,FALSE
2Gbu,FALSE,FALSE,FALSE
eSGE,FALSE,FALSE,FALSE
W1FW,FALSE,FALSE,FALSE
0PbM,FALSE,FALSE,FALSE
hKG4,FALSE,FALSE,FALSE
Mqjh,FALSE,TRUE,TRUE
OEFK,FALSE,FALSE,FALSE
8Sdf,FALSE,FALSE,FALSE
3KFG,TRUE,FALSE,TRUE
UKXQ,FALSE,FALSE,FALSE
KLE3,FALSE,FALSE,FALSE
JbGy,TRUE,FALSE,TRUE
7Cuf,FALSE,FALSE,FALSE
2wco,FALSE,FALSE,FALSE
MmmP,FALSE,FALSE,FALSE
I4dL,FALSE,FALSE,FALSE
PMN1,FALSE,FALSE,FALSE
QX8J,FALSE,FALSE,FALSE
j2tE,FALSE,FALSE,FALSE
zfk0,FALSE,FALSE,FALSE
2sKm,TRUE,TRUE,TRUE
5utB,FALSE,FALSE,FALSE
YQAT,FALSE,TRUE,TRUE
ylP0,FALSE,FALSE,FALSE
1dNW,FALSE,FALSE,FALSE
AHS0,FALSE,FALSE,FALSE
RO3k,FALSE,FALSE,FALSE
8dPq,FALSE,FALSE,FALSE
QYB5,FALSE,FALSE,FALSE
Q3YH,FALSE,FALSE,FALSE
rfZD,FALSE,FALSE,FALSE
LKEP,FALSE,FALSE,FALSE
dCv9,FALSE,TRUE,TRUE
xtiV,FALSE,FALSE,FALSE
qro0,FALSE,FALSE,FALSE
t2D0,FALSE,FALSE,FALSE
Vl4B,FALSE,FALSE,FALSE
Uuls,FALSE,FALSE,FALSE
v6Vk,FALSE,FALSE,FALSE
oRIQ,FALSE,FALSE,FALSE
kd68,FALSE,FALSE,FALSE
4A6L,FALSE,FALSE,FALSE
jEzi,TRUE,FALSE,TRUE
pWCU,FALSE,FALSE,FALSE
8m6f,FALSE,FALSE,FALSE
RR8e,FALSE,FALSE,FALSE
Qmr9,FALSE,FALSE,FALSE
ygXD,FALSE,FALSE,FALSE
AlS0,TRUE,FALSE,TRUE
vbDT,FALSE,FALSE,FALSE
OrWs,FALSE,FALSE,FALSE
VbKm,FALSE,TRUE,TRUE
zT6z,FALSE,TRUE,TRUE
1-Apr,FALSE,FALSE,FALSE
H1VU,FALSE,FALSE,FALSE
m8mX,FALSE,TRUE,TRUE
GIiw,FALSE,FALSE,FALSE
cxTg,FALSE,FALSE,FALSE
ijr7,FALSE,FALSE,FALSE
ShdW,FALSE,TRUE,TRUE
2w0W,FALSE,FALSE,FALSE
Cfhs,FALSE,FALSE,FALSE
TvQx,FALSE,FALSE,FALSE
IMAh,FALSE,FALSE,FALSE
Kvzk,FALSE,FALSE,FALSE
aWDC,FALSE,FALSE,FALSE
UpRU,FALSE,FALSE,FALSE
HNFX,FALSE,FALSE,FALSE
SBwu,FALSE,FALSE,FALSE
CBnQ,FALSE,FALSE,FALSE
GKKr,FALSE,FALSE,FALSE
jvsu,FALSE,FALSE,FALSE
VzWP,FALSE,FALSE,FALSE
KhJz,FALSE,FALSE,FALSE
rWsx,FALSE,FALSE,FALSE
qbLY,FALSE,FALSE,FALSE
Huj9,FALSE,FALSE,FALSE
82eJ,FALSE,FALSE,FALSE
pYLJ,FALSE,TRUE,TRUE
ijWx,FALSE,FALSE,FALSE
aMDp,FALSE,TRUE,TRUE
1l5O,FALSE,FALSE,FALSE
pj71,FALSE,FALSE,FALSE
aiqE,TRUE,FALSE,TRUE
Jqdt,FALSE,FALSE,FALSE
yOM7,FALSE,FALSE,FALSE
1JGP,FALSE,FALSE,FALSE
DDYA,FALSE,FALSE,FALSE
e4S3,FALSE,FALSE,FALSE
MQsQ,FALSE,FALSE,FALSE
lQFs,TRUE,FALSE,TRUE
wKhw,FALSE,FALSE,FALSE
BqdQ,FALSE,FALSE,FALSE
5pOM,FALSE,FALSE,FALSE
O1Pr,FALSE,FALSE,FALSE
R13y,FALSE,FALSE,FALSE
3TZX,FALSE,FALSE,FALSE
xkm5,FALSE,FALSE,FALSE
Ap7L,FALSE,FALSE,FALSE
P7Ii,FALSE,FALSE,FALSE
2u50,FALSE,FALSE,FALSE
hgk8,FALSE,FALSE,FALSE
VybJ,FALSE,FALSE,FALSE
TUN0,FALSE,FALSE,FALSE
UriR,FALSE,FALSE,FALSE
Rnoq,FALSE,FALSE,FALSE
4ULw,FALSE,FALSE,FALSE
0Cpi,FALSE,FALSE,FALSE
tNKd,FALSE,FALSE,FALSE
afc4,FALSE,FALSE,FALSE
xcf1,FALSE,FALSE,FALSE
LiJv,FALSE,TRUE,TRUE
PJmL,FALSE,FALSE,FALSE
m2qY,FALSE,FALSE,FALSE
XfWX,FALSE,FALSE,FALSE
PGbB,FALSE,FALSE,FALSE
cYbP,TRUE,TRUE,TRUE
gD55,FALSE,FALSE,FALSE
Srh2,FALSE,FALSE,FALSE
Y0m1,FALSE,TRUE,TRUE
lTcn,FALSE,FALSE,FALSE
8MeX,FALSE,FALSE,FALSE
URpz,FALSE,FALSE,FALSE
mSPn,FALSE,FALSE,FALSE
I6JF,FALSE,FALSE,FALSE
dA29,FALSE,FALSE,FALSE
M0Dm,FALSE,FALSE,FALSE
lrks,FALSE,FALSE,FALSE
pVQn,FALSE,FALSE,FALSE
QjhD,FALSE,FALSE,FALSE
wTdQ,FALSE,FALSE,FALSE
M83F,FALSE,FALSE,FALSE
dIC1,FALSE,FALSE,FALSE
iBTY,FALSE,FALSE,FALSE
7wtE,FALSE,FALSE,FALSE
7dY5,FALSE,TRUE,TRUE
yyXs,FALSE,FALSE,FALSE
mO8D,FALSE,FALSE,FALSE
Pe2A,FALSE,FALSE,FALSE
kRxX,FALSE,FALSE,FALSE
AF8f,FALSE,FALSE,FALSE
Z35a,FALSE,FALSE,FALSE
06Nx,FALSE,FALSE,FALSE
nLcn,FALSE,FALSE,FALSE
68Yd,FALSE,FALSE,FALSE
pHQR,FALSE,FALSE,FALSE
zIA5,FALSE,FALSE,FALSE
9sgg,FALSE,FALSE,FALSE
uDhi,FALSE,FALSE,FALSE
1KFZ,FALSE,FALSE,FALSE
VEYc,FALSE,FALSE,FALSE
lzXE,FALSE,FALSE,FALSE
ZXg4,FALSE,FALSE,FALSE
sVPS,FALSE,FALSE,FALSE
YWk7,TRUE,FALSE,TRUE
oP5P,FALSE,FALSE,FALSE
YEh2,FALSE,FALSE,FALSE
RCBm,FALSE,TRUE,TRUE
vdFb,FALSE,FALSE,FALSE
7WrJ,TRUE,FALSE,TRUE
Hoex,FALSE,FALSE,FALSE
i2aH,FALSE,FALSE,FALSE
89ih,FALSE,FALSE,FALSE
zAHl,FALSE,FALSE,FALSE
Un21,FALSE,FALSE,FALSE
i52h,FALSE,FALSE,FALSE
Puno,FALSE,TRUE,TRUE
HSAr,FALSE,FALSE,FALSE
wXdS,FALSE,FALSE,FALSE
WBLS,FALSE,FALSE,FALSE
G1eI,FALSE,FALSE,FALSE
WsyL,FALSE,FALSE,FALSE
WDXy,FALSE,FALSE,FALSE
IQDg,FALSE,FALSE,FALSE
fxZS,FALSE,FALSE,FALSE
UZCD,FALSE,FALSE,FALSE
t9n9,FALSE,FALSE,FALSE
z31C,FALSE,FALSE,FALSE
MNJM,TRUE,FALSE,TRUE
UPOY,FALSE,FALSE,FALSE
zGVt,FALSE,FALSE,FALSE
Bmdm,FALSE,FALSE,FALSE
W78F,FALSE,TRUE,TRUE
eZDJ,TRUE,FALSE,TRUE
3MCk,FALSE,FALSE,FALSE
Twiq,TRUE,FALSE,TRUE
0y1R,FALSE,FALSE,FALSE
fjSb,FALSE,FALSE,FALSE
j09G,FALSE,FALSE,FALSE
0mBK,FALSE,TRUE,TRUE
RKgW,TRUE,FALSE,TRUE
wnZQ,FALSE,FALSE,FALSE
nq0m,FALSE,FALSE,FALSE
XcPk,FALSE,FALSE,FALSE
4T9r,FALSE,FALSE,FALSE
CaL7,FALSE,FALSE,FALSE
JJpY,FALSE,FALSE,FALSE
Loy7,FALSE,FALSE,FALSE
Tbq0,FALSE,FALSE,FALSE
wgYW,FALSE,FALSE,FALSE
WWPD,FALSE,FALSE,FALSE
4Veh,FALSE,FALSE,FALSE
P15m,TRUE,FALSE,TRUE
W5lo,FALSE,FALSE,FALSE
LyXn,FALSE,FALSE,FALSE
U6UO,FALSE,FALSE,FALSE
H8vl,FALSE,FALSE,FALSE
njYZ,FALSE,FALSE,FALSE
pGqT,TRUE,FALSE,TRUE
93K9,FALSE,FALSE,FALSE
Vkdw,FALSE,FALSE,FALSE
hHTt,TRUE,TRUE,TRUE
KX6m,FALSE,FALSE,FALSE
p2b6,FALSE,TRUE,TRUE
3c1x,FALSE,FALSE,FALSE
BAtt,FALSE,FALSE,FALSE
IQQL,FALSE,FALSE,FALSE
UQ9g,FALSE,FALSE,FALSE
vWMZ,FALSE,FALSE,FALSE
kf9O,TRUE,FALSE,TRUE
LTPp,FALSE,FALSE,FALSE
ubwi,FALSE,FALSE,FALSE
5pXS,FALSE,FALSE,FALSE
mLYt,FALSE,FALSE,FALSE
nzE0,FALSE,FALSE,FALSE
lLF9,FALSE,FALSE,FALSE
L2q2,FALSE,FALSE,FALSE
qSXi,FALSE,FALSE,FALSE
TXuT,FALSE,FALSE,FALSE
yKCU,FALSE,FALSE,FALSE
4LXw,FALSE,FALSE,FALSE
FzY0,FALSE,FALSE,FALSE
oZ7D,FALSE,FALSE,FALSE
zcnR,FALSE,FALSE,FALSE
vGGF,FALSE,FALSE,FALSE
cRvd,FALSE,TRUE,TRUE
0jl8,FALSE,FALSE,FALSE
GNkS,FALSE,FALSE,FALSE
Jkdz,FALSE,FALSE,FALSE
BmgL,FALSE,FALSE,FALSE
hicZ,FALSE,FALSE,FALSE
fAT4,FALSE,FALSE,FALSE
xJex,FALSE,FALSE,FALSE
2REu,FALSE,TRUE,TRUE
BOXs,FALSE,FALSE,FALSE
K2Ny,FALSE,FALSE,FALSE
6Ktp,FALSE,FALSE,FALSE
nDTX,FALSE,FALSE,FALSE
RCvP,FALSE,FALSE,FALSE
ay5D,FALSE,FALSE,FALSE
M3yh,FALSE,FALSE,FALSE
52bL,FALSE,FALSE,FALSE
4LQb,FALSE,FALSE,FALSE
EZzn,FALSE,FALSE,FALSE
U1u8,FALSE,TRUE,TRUE
mPLw,FALSE,FALSE,FALSE
exm8,FALSE,FALSE,FALSE
5TQB,FALSE,FALSE,FALSE
qzRG,FALSE,FALSE,FALSE
vIU5,FALSE,TRUE,TRUE
x3wZ,FALSE,FALSE,FALSE
WRmo,FALSE,FALSE,FALSE
huEI,FALSE,FALSE,FALSE
uZ0i,FALSE,FALSE,FALSE
eoLm,FALSE,TRUE,TRUE
Y8pm,FALSE,FALSE,FALSE
7Kxq,FALSE,FALSE,FALSE
wDR7,TRUE,FALSE,TRUE
EKgW,FALSE,FALSE,FALSE
5gx3,FALSE,FALSE,FALSE
fl8O,FALSE,FALSE,FALSE
nOIh,FALSE,FALSE,FALSE
Qtdz,FALSE,FALSE,FALSE
RH7r,FALSE,FALSE,FALSE
n331,TRUE,FALSE,TRUE
3zoV,FALSE,FALSE,FALSE
dzgc,FALSE,FALSE,FALSE
KwIt,FALSE,FALSE,FALSE
gknk,FALSE,FALSE,FALSE
ts7B,FALSE,FALSE,FALSE
mT8J,FALSE,FALSE,FALSE
LPz3,FALSE,FALSE,FALSE
G5I5,FALSE,FALSE,FALSE
638z,FALSE,FALSE,FALSE
p3OX,FALSE,FALSE,FALSE
0lSQ,FALSE,FALSE,FALSE
X187,FALSE,FALSE,FALSE
FV6n,FALSE,FALSE,FALSE
mdz6,FALSE,FALSE,FALSE
Amwd,FALSE,FALSE,FALSE
540z,FALSE,FALSE,FALSE
qWf4,FALSE,FALSE,FALSE
t8O7,FALSE,FALSE,FALSE
paI2,FALSE,FALSE,FALSE
IZmT,FALSE,FALSE,FALSE
O6bW,FALSE,FALSE,FALSE
Z0Ea,FALSE,TRUE,TRUE
BqBB,FALSE,FALSE,FALSE
sivy,FALSE,FALSE,FALSE
5Lj7,FALSE,FALSE,FALSE
KqNB,FALSE,FALSE,FALSE
rlIO,FALSE,FALSE,FALSE
LmR0,FALSE,FALSE,FALSE
kim1,FALSE,FALSE,FALSE
C2TD,FALSE,FALSE,FALSE
r6nn,FALSE,TRUE,TRUE
iHeB,FALSE,FALSE,FALSE
bBxQ,FALSE,FALSE,FALSE
HO0Q,FALSE,TRUE,TRUE
A5ro,FALSE,FALSE,FALSE
uEQp,FALSE,FALSE,FALSE
o9ry,FALSE,FALSE,FALSE
6OAT,FALSE,FALSE,FALSE
XneI,FALSE,FALSE,FALSE
HCXA,FALSE,FALSE,FALSE
PjTR,FALSE,FALSE,FALSE
5iZm,FALSE,FALSE,FALSE
LUt3,FALSE,TRUE,TRUE
mPSz,FALSE,FALSE,FALSE
B0pk,TRUE,FALSE,TRUE
8mIa,FALSE,FALSE,FALSE
mUKA,FALSE,FALSE,FALSE
Fti4,FALSE,FALSE,FALSE
IGcq,FALSE,FALSE,FALSE
dYUu,TRUE,FALSE,TRUE
T9pv,FALSE,FALSE,FALSE
gnFr,FALSE,FALSE,FALSE
kBcT,TRUE,FALSE,TRUE
HtR6,FALSE,FALSE,FALSE
nuYI,FALSE,FALSE,FALSE
67MU,FALSE,FALSE,FALSE
HobM,FALSE,FALSE,FALSE
7DnA,FALSE,FALSE,FALSE
sySH,FALSE,FALSE,FALSE
CnwP,FALSE,FALSE,FALSE
SBez,FALSE,FALSE,FALSE
iq4F,FALSE,FALSE,FALSE
qHrg,FALSE,FALSE,FALSE
vdFm,FALSE,FALSE,FALSE
mowv,FALSE,TRUE,TRUE
UD1m,FALSE,FALSE,FALSE
gH8k,FALSE,FALSE,FALSE
qK0Y,FALSE,FALSE,FALSE
3msF,FALSE,FALSE,FALSE
rsSr,TRUE,TRUE,TRUE
GgfT,FALSE,FALSE,FALSE
YCTy,FALSE,FALSE,FALSE
5t9O,FALSE,TRUE,TRUE
QLgt,FALSE,TRUE,TRUE
D63t,FALSE,FALSE,FALSE
okjJ,FALSE,FALSE,FALSE
QwSo,FALSE,FALSE,FALSE
U8pR,FALSE,FALSE,FALSE
4bgM,FALSE,FALSE,FALSE
Idlc,FALSE,TRUE,TRUE
Gs60,FALSE,FALSE,FALSE
JnHo,FALSE,FALSE,FALSE
bTJp,FALSE,FALSE,FALSE
zmzD,FALSE,FALSE,FALSE
Ms4a,FALSE,FALSE,FALSE
nYWS,FALSE,FALSE,FALSE
zlDp,FALSE,FALSE,FALSE
CBZU,FALSE,FALSE,FALSE
mqP6,FALSE,FALSE,FALSE
JsiD,FALSE,FALSE,FALSE
gZ4f,FALSE,FALSE,FALSE
nlPy,FALSE,FALSE,FALSE
tE89,FALSE,FALSE,FALSE
R0EW,FALSE,FALSE,FALSE
dX75,TRUE,TRUE,TRUE
dEoH,FALSE,TRUE,TRUE
wZsh,FALSE,FALSE,FALSE
5ugN,FALSE,FALSE,FALSE
Ajrn,TRUE,FALSE,TRUE
RHSt,FALSE,,FALSE
wkl0,FALSE,FALSE,FALSE
M8iC,FALSE,TRUE,TRUE
tnPN,FALSE,FALSE,FALSE
EEXS,FALSE,FALSE,FALSE
8S5Y,FALSE,FALSE,FALSE
TqRJ,FALSE,FALSE,FALSE
2FcR,FALSE,FALSE,FALSE
U8Ap,FALSE,FALSE,FALSE
cY1u,FALSE,FALSE,FALSE
olMr,FALSE,FALSE,FALSE
IHnH,FALSE,FALSE,FALSE
jxII,FALSE,FALSE,FALSE
2Dnn,FALSE,FALSE,FALSE
gQAo,TRUE,FALSE,TRUE
drXO,FALSE,FALSE,FALSE
ksWu,FALSE,FALSE,FALSE
AMvM,FALSE,FALSE,FALSE
FUzN,FALSE,TRUE,TRUE
nx5u,FALSE,FALSE,FALSE
3gq5,FALSE,FALSE,FALSE
f1Yc,FALSE,FALSE,FALSE
ARkD,FALSE,FALSE,FALSE
1ppt,FALSE,FALSE,FALSE
8lCY,FALSE,TRUE,TRUE
QLHN,FALSE,FALSE,FALSE
8Yuv,FALSE,FALSE,FALSE
ZOw2,FALSE,FALSE,FALSE
vIeL,TRUE,FALSE,TRUE
6Kei,FALSE,FALSE,FALSE
0LZz,FALSE,FALSE,FALSE
vzns,FALSE,FALSE,FALSE
Okju,FALSE,FALSE,FALSE
Pt4s,FALSE,TRUE,TRUE
Xz4D,FALSE,,FALSE
HDo0,FALSE,FALSE,FALSE
ZSZ8,TRUE,FALSE,TRUE
NazR,FALSE,FALSE,FALSE
1BCz,FALSE,FALSE,FALSE
aG7g,FALSE,FALSE,FALSE
FPUa,FALSE,FALSE,FALSE
iJdO,FALSE,FALSE,FALSE
NGG0,FALSE,FALSE,FALSE
niS4,TRUE,FALSE,TRUE
u1DG,FALSE,FALSE,FALSE
H0V0,FALSE,FALSE,FALSE
sSRC,FALSE,FALSE,FALSE
RCoa,FALSE,TRUE,TRUE
M9ho,FALSE,FALSE,FALSE
u5Jk,FALSE,FALSE,FALSE
BO8Q,FALSE,FALSE,FALSE
yJip,TRUE,TRUE,TRUE
M13M,TRUE,FALSE,TRUE
3TZu,FALSE,FALSE,FALSE
Pd4c,FALSE,TRUE,TRUE
e91b,FALSE,FALSE,FALSE
sGVW,FALSE,FALSE,FALSE
fKbE,FALSE,FALSE,FALSE
nSs9,FALSE,FALSE,FALSE
iLLc,FALSE,FALSE,FALSE
NEVU,FALSE,FALSE,FALSE
juad,FALSE,FALSE,FALSE
6Klv,FALSE,FALSE,FALSE
T2FC,FALSE,FALSE,FALSE
if7g,FALSE,FALSE,FALSE
tDnM,FALSE,FALSE,FALSE
GLsY,FALSE,FALSE,FALSE
U0n3,FALSE,FALSE,FALSE
7uIK,FALSE,FALSE,FALSE
5Dsj,FALSE,FALSE,FALSE
jLYr,FALSE,FALSE,FALSE
Hi3Q,FALSE,FALSE,FALSE
FwBy,FALSE,FALSE,FALSE
NlQU,FALSE,FALSE,FALSE
if6K,FALSE,FALSE,FALSE
gGcU,FALSE,FALSE,FALSE
6jn5,FALSE,FALSE,FALSE
oHm6,FALSE,FALSE,FALSE
wG7B,FALSE,FALSE,FALSE
rWiA,FALSE,FALSE,FALSE
UV4V,TRUE,FALSE,TRUE
x8JU,FALSE,FALSE,FALSE
hyMi,FALSE,FALSE,FALSE
qYth,FALSE,FALSE,FALSE
MHdH,FALSE,FALSE,FALSE
hQLV,FALSE,FALSE,FALSE
kv9J,FALSE,TRUE,TRUE
gKMB,FALSE,TRUE,TRUE
pR7v,TRUE,FALSE,TRUE
akSG,FALSE,FALSE,FALSE
tAyZ,FALSE,FALSE,FALSE
3nmw,FALSE,FALSE,FALSE
uXke,FALSE,FALSE,FALSE
bB14,FALSE,FALSE,FALSE
jQtn,FALSE,FALSE,FALSE
dAGA,FALSE,FALSE,FALSE
6BP6,FALSE,FALSE,FALSE
Cpye,FALSE,FALSE,FALSE
TjfT,FALSE,TRUE,TRUE
EMSz,FALSE,FALSE,FALSE
zQe8,TRUE,FALSE,TRUE
PBKv,FALSE,FALSE,FALSE
s5OI,FALSE,FALSE,FALSE
vlyC,FALSE,FALSE,FALSE
QmBI,FALSE,FALSE,FALSE
zrRP,FALSE,FALSE,FALSE
CpCC,FALSE,FALSE,FALSE
i1T6,FALSE,FALSE,FALSE
c8eW,FALSE,FALSE,FALSE
AtRN,FALSE,FALSE,FALSE
Ao5a,FALSE,FALSE,FALSE
Apm6,FALSE,FALSE,FALSE
ok3p,FALSE,FALSE,FALSE
sikY,FALSE,TRUE,TRUE
hbls,FALSE,FALSE,FALSE
kGod,FALSE,FALSE,FALSE
gBTS,TRUE,FALSE,TRUE
QMn4,FALSE,FALSE,FALSE
HnrR,FALSE,FALSE,FALSE
Ox5S,FALSE,FALSE,FALSE
wWJQ,FALSE,FALSE,FALSE
MjYA,FALSE,FALSE,FALSE
cjc9,FALSE,FALSE,FALSE
eUbU,FALSE,FALSE,FALSE
wnmi,FALSE,FALSE,FALSE
LZ4D,FALSE,FALSE,FALSE
YVOe,TRUE,FALSE,TRUE
8dcj,FALSE,FALSE,FALSE
l8Is,FALSE,FALSE,FALSE
NZtj,FALSE,FALSE,FALSE
4mEA,FALSE,FALSE,FALSE
OOAS,FALSE,FALSE,FALSE
k1n6,FALSE,FALSE,FALSE
V3jB,FALSE,FALSE,FALSE
Irv5,FALSE,FALSE,FALSE
ARzl,FALSE,FALSE,FALSE
mVwj,FALSE,FALSE,FALSE
6T9t,FALSE,FALSE,FALSE
9N0S,TRUE,TRUE,TRUE
jjke,FALSE,FALSE,FALSE
EQ5A,FALSE,FALSE,FALSE
XANJ,FALSE,FALSE,FALSE
x9Qg,TRUE,FALSE,TRUE
MwVy,FALSE,FALSE,FALSE
xYTx,FALSE,FALSE,FALSE
0chW,FALSE,TRUE,TRUE
pLTC,FALSE,FALSE,FALSE
cppR,FALSE,FALSE,FALSE
HZiG,FALSE,FALSE,FALSE
2NXN,FALSE,FALSE,FALSE
mpnF,TRUE,TRUE,TRUE
4tVP,FALSE,FALSE,FALSE
qFDS,FALSE,FALSE,FALSE
SInb,FALSE,FALSE,FALSE
ByXH,FALSE,FALSE,FALSE
m8hi,FALSE,FALSE,FALSE
EdGw,FALSE,FALSE,FALSE
pZl9,FALSE,TRUE,TRUE
ZkOq,FALSE,FALSE,FALSE
27Pv,FALSE,FALSE,FALSE
pID4,FALSE,FALSE,FALSE
HVLY,FALSE,FALSE,FALSE
ONhB,FALSE,TRUE,TRUE
fzml,FALSE,FALSE,FALSE
oQTf,FALSE,FALSE,FALSE
F8yq,FALSE,FALSE,FALSE
5x5x,FALSE,FALSE,FALSE
6u1f,FALSE,FALSE,FALSE
Il6x,FALSE,FALSE,FALSE
jid1,FALSE,FALSE,FALSE
s51P,TRUE,FALSE,TRUE
Ysxm,FALSE,FALSE,FALSE
xKWA,FALSE,FALSE,FALSE
Czh0,FALSE,FALSE,FALSE
C9Qm,FALSE,FALSE,FALSE
Ggzq,FALSE,FALSE,FALSE
eKFj,FALSE,FALSE,FALSE
J1XJ,FALSE,FALSE,FALSE
XZkE,FALSE,FALSE,FALSE
MGbF,FALSE,FALSE,FALSE
srdi,FALSE,TRUE,TRUE
sTFg,FALSE,FALSE,FALSE
uvZ6,FALSE,FALSE,FALSE
HYI8,TRUE,FALSE,TRUE
bC8z,FALSE,FALSE,FALSE
ENXY,FALSE,FALSE,FALSE
uDjf,TRUE,FALSE,TRUE
NBXn,FALSE,FALSE,FALSE
CH4s,FALSE,TRUE,TRUE
u573,FALSE,FALSE,FALSE
QAOO,FALSE,FALSE,FALSE
94NH,FALSE,TRUE,TRUE
0Eh0,FALSE,FALSE,FALSE
fMIB,FALSE,FALSE,FALSE
e1Ef,FALSE,FALSE,FALSE
rTaS,FALSE,FALSE,FALSE
85vS,FALSE,FALSE,FALSE
hkZZ,FALSE,FALSE,FALSE
l1DI,FALSE,FALSE,FALSE
nh3w,FALSE,FALSE,FALSE
T8mg,FALSE,FALSE,FALSE
71ON,FALSE,FALSE,FALSE
xEKL,FALSE,FALSE,FALSE
U33q,FALSE,TRUE,TRUE
a0jP,FALSE,FALSE,FALSE
PkZV,FALSE,TRUE,TRUE
m59s,TRUE,FALSE,TRUE
aNLA,FALSE,FALSE,FALSE
pnT9,FALSE,FALSE,FALSE
BIt9,FALSE,FALSE,FALSE
M81V,FALSE,FALSE,FALSE
tnQD,FALSE,FALSE,FALSE
CA5Z,FALSE,FALSE,FALSE
PH4T,TRUE,FALSE,TRUE
vmU1,FALSE,FALSE,FALSE
23su,FALSE,FALSE,FALSE
b4fX,FALSE,FALSE,FALSE
8fmM,FALSE,FALSE,FALSE
6197,FALSE,FALSE,FALSE
F3jE,FALSE,FALSE,FALSE
xdW7,FALSE,TRUE,TRUE
46g2,FALSE,FALSE,FALSE
0Agc,FALSE,FALSE,FALSE
Of4h,FALSE,FALSE,FALSE
QEsk,FALSE,TRUE,TRUE
IOG6,FALSE,FALSE,FALSE
0q00,FALSE,FALSE,FALSE
mlcp,TRUE,FALSE,TRUE
l6Zw,FALSE,FALSE,FALSE
fyM0,TRUE,FALSE,TRUE
THNl,FALSE,FALSE,FALSE
eTLj,TRUE,FALSE,TRUE
qb8W,FALSE,FALSE,FALSE
q2c8,FALSE,FALSE,FALSE
68gQ,FALSE,FALSE,FALSE
f61V,TRUE,TRUE,TRUE
SAK7,FALSE,FALSE,FALSE
oXSk,FALSE,FALSE,FALSE
a1RY,FALSE,FALSE,FALSE
LDrR,FALSE,FALSE,FALSE
TWPg,FALSE,FALSE,FALSE
SyhK,FALSE,FALSE,FALSE
fpqi,FALSE,FALSE,FALSE
ydsf,FALSE,FALSE,FALSE
z965,FALSE,FALSE,FALSE
9tA9,FALSE,FALSE,FALSE
iISK,FALSE,FALSE,FALSE
dfPd,TRUE,FALSE,TRUE
PNpR,FALSE,FALSE,FALSE
8qrd,FALSE,FALSE,FALSE
6LGU,FALSE,TRUE,TRUE
cr9K,FALSE,TRUE,TRUE
Bm9S,FALSE,FALSE,FALSE
GxMA,FALSE,TRUE,TRUE
gqQH,FALSE,FALSE,FALSE
oprD,FALSE,FALSE,FALSE
WDon,FALSE,FALSE,FALSE
IrTK,FALSE,FALSE,FALSE
F2Ja,FALSE,FALSE,FALSE
dJUO,FALSE,TRUE,TRUE
9yuu,FALSE,FALSE,FALSE
WMiH,FALSE,FALSE,FALSE
RE18,FALSE,FALSE,FALSE
ptsd,FALSE,FALSE,FALSE
14po,FALSE,FALSE,FALSE
FmvG,FALSE,FALSE,FALSE
lqFA,TRUE,FALSE,TRUE
wzGy,FALSE,FALSE,FALSE
Up6W,FALSE,FALSE,FALSE
N6Tg,FALSE,FALSE,FALSE
WVWq,FALSE,FALSE,FALSE
CVrG,FALSE,FALSE,FALSE
JkKb,TRUE,FALSE,TRUE
A36W,FALSE,FALSE,FALSE
vh34,FALSE,FALSE,FALSE
1DyO,TRUE,FALSE,TRUE
56cZ,FALSE,FALSE,FALSE
lZPw,FALSE,FALSE,FALSE
2ujr,FALSE,FALSE,FALSE
nn1Q,FALSE,FALSE,FALSE
e1HQ,FALSE,FALSE,FALSE
pYDB,FALSE,FALSE,FALSE
IXyw,FALSE,FALSE,FALSE
RmPq,FALSE,FALSE,FALSE
vkAq,FALSE,FALSE,FALSE
44os,FALSE,FALSE,FALSE
5H3Z,FALSE,FALSE,FALSE
Mcak,FALSE,FALSE,FALSE
m64r,FALSE,FALSE,FALSE
oEni,FALSE,FALSE,FALSE
hqNc,FALSE,FALSE,FALSE
GGI8,FALSE,FALSE,FALSE
QDo9,FALSE,FALSE,FALSE
uUk3,TRUE,FALSE,TRUE
qKBw,TRUE,TRUE,TRUE
XqfT,FALSE,FALSE,FALSE
QByW,FALSE,FALSE,FALSE
vAFT,FALSE,FALSE,FALSE
zLDa,FALSE,FALSE,FALSE
p8bP,FALSE,FALSE,FALSE
HVBr,FALSE,FALSE,FALSE
KdCN,FALSE,FALSE,FALSE
pWcC,FALSE,,FALSE
xy1B,FALSE,FALSE,FALSE
m166,FALSE,FALSE,FALSE
d70d,FALSE,FALSE,FALSE
PhoY,FALSE,FALSE,FALSE
Qmr1,FALSE,FALSE,FALSE
up8Q,FALSE,FALSE,FALSE
Tb09,FALSE,FALSE,FALSE
fmj4,FALSE,FALSE,FALSE
ufJh,TRUE,FALSE,TRUE
KyiY,FALSE,FALSE,FALSE
tUeV,FALSE,TRUE,TRUE
Ug5L,FALSE,FALSE,FALSE
BPXV,FALSE,FALSE,FALSE
i5EO,FALSE,FALSE,FALSE
o9qz,FALSE,FALSE,FALSE
wGl6,FALSE,FALSE,FALSE
bnbO,FALSE,FALSE,FALSE
DDAX,FALSE,FALSE,FALSE
Sczo,TRUE,TRUE,TRUE
UKs5,FALSE,FALSE,FALSE
0yEr,FALSE,FALSE,FALSE
7hcj,FALSE,FALSE,FALSE
GVuw,FALSE,FALSE,FALSE
3vkh,FALSE,FALSE,FALSE
j9jz,FALSE,TRUE,TRUE
hUei,FALSE,FALSE,FALSE
gMdz,FALSE,TRUE,TRUE
gN8M,FALSE,FALSE,FALSE
jMl7,FALSE,FALSE,FALSE
zJRH,FALSE,FALSE,FALSE
yNXP,TRUE,FALSE,TRUE
Zj32,TRUE,FALSE,TRUE
Tfjh,FALSE,FALSE,FALSE
44M8,FALSE,FALSE,FALSE
XO9W,FALSE,FALSE,FALSE
w7rC,FALSE,FALSE,FALSE
64Fl,FALSE,TRUE,TRUE
W5MN,FALSE,FALSE,FALSE
MKp6,FALSE,FALSE,FALSE
iG8j,FALSE,FALSE,FALSE
yi9M,FALSE,FALSE,FALSE
gFb5,FALSE,FALSE,FALSE
wYzf,FALSE,FALSE,FALSE
cJMK,FALSE,FALSE,FALSE
cqob,FALSE,FALSE,FALSE
u5Qa,FALSE,TRUE,TRUE
ukuM,TRUE,FALSE,TRUE
mR2h,FALSE,FALSE,FALSE
XLYU,FALSE,FALSE,FALSE
x73I,FALSE,FALSE,FALSE
B0gb,FALSE,FALSE,FALSE
abuD,FALSE,FALSE,FALSE
nWSz,FALSE,FALSE,FALSE
YDvl,FALSE,FALSE,FALSE
5Dl8,TRUE,FALSE,TRUE
nWv6,FALSE,FALSE,FALSE
oTFM,FALSE,FALSE,FALSE
fhbC,FALSE,FALSE,FALSE
cDYa,TRUE,FALSE,TRUE
RpbO,FALSE,FALSE,FALSE
LDWY,FALSE,FALSE,FALSE
HXDu,FALSE,FALSE,FALSE
WWZK,FALSE,FALSE,FALSE
fNrg,FALSE,FALSE,FALSE
0yZY,FALSE,FALSE,FALSE
W9uK,FALSE,FALSE,FALSE
DXMt,FALSE,FALSE,FALSE
TG92,FALSE,FALSE,FALSE
cvkk,FALSE,FALSE,FALSE
ATIB,FALSE,FALSE,FALSE
TeOG,FALSE,FALSE,FALSE
gte6,FALSE,FALSE,FALSE
UNZq,TRUE,FALSE,TRUE
1faK,TRUE,FALSE,TRUE
p9cz,FALSE,FALSE,FALSE
9J2r,FALSE,FALSE,FALSE
XyFM,FALSE,TRUE,TRUE
4GXh,FALSE,TRUE,TRUE
Mx8t,FALSE,FALSE,FALSE
6ENP,FALSE,FALSE,FALSE
60Xb,FALSE,FALSE,FALSE
BTe2,FALSE,FALSE,FALSE
1oCQ,FALSE,FALSE,FALSE
DVCt,FALSE,FALSE,FALSE
Hu9e,FALSE,FALSE,FALSE
m3kA,FALSE,TRUE,TRUE
OEwK,FALSE,FALSE,FALSE
mi5o,FALSE,FALSE,FALSE
SzPK,FALSE,FALSE,FALSE
OTEs,FALSE,FALSE,FALSE
1tVZ,FALSE,,FALSE
hswO,FALSE,FALSE,FALSE
1Zil,FALSE,FALSE,FALSE
cMxZ,FALSE,FALSE,FALSE
QnnF,FALSE,FALSE,FALSE
y5z9,FALSE,TRUE,TRUE
XFNU,TRUE,FALSE,TRUE
zWq3,TRUE,FALSE,TRUE
AxvL,FALSE,FALSE,FALSE
Xqls,FALSE,FALSE,FALSE
a31J,FALSE,FALSE,FALSE
4NU3,FALSE,FALSE,FALSE
kWvT,FALSE,FALSE,FALSE
ZLUq,FALSE,FALSE,FALSE
If14,FALSE,FALSE,FALSE
xbwF,FALSE,FALSE,FALSE
bQZt,TRUE,FALSE,TRUE
sXY0,TRUE,FALSE,TRUE
K1cq,FALSE,FALSE,FALSE
CVXm,FALSE,FALSE,FALSE
LlvM,FALSE,,FALSE
JaSm,FALSE,FALSE,FALSE
dHM4,FALSE,FALSE,FALSE
iiXb,FALSE,FALSE,FALSE
BUkB,FALSE,TRUE,TRUE
eMmb,FALSE,FALSE,FALSE
OnXc,FALSE,FALSE,FALSE
Sa25,FALSE,FALSE,FALSE
lxKR,FALSE,FALSE,FALSE
DduG,FALSE,FALSE,FALSE
CNpL,FALSE,FALSE,FALSE
h8UH,FALSE,FALSE,FALSE
7pgk,FALSE,FALSE,FALSE
Ur7j,FALSE,FALSE,FALSE
erDh,FALSE,FALSE,FALSE
tFvo,FALSE,FALSE,FALSE
rPH9,TRUE,FALSE,TRUE
TJPG,FALSE,FALSE,FALSE
KYhE,FALSE,FALSE,FALSE
xKJw,FALSE,FALSE,FALSE
i1WR,FALSE,FALSE,FALSE
zWrh,FALSE,FALSE,FALSE
YBxu,FALSE,FALSE,FALSE
93da,FALSE,FALSE,FALSE
Oh9V,FALSE,FALSE,FALSE
vO1v,FALSE,FALSE,FALSE
0ddG,FALSE,FALSE,FALSE
YKLn,FALSE,FALSE,FALSE
iBBa,FALSE,FALSE,FALSE
KhNj,FALSE,FALSE,FALSE
adWG,FALSE,FALSE,FALSE
WToT,FALSE,FALSE,FALSE
MeIY,FALSE,FALSE,FALSE
cpT4,TRUE,FALSE,TRUE
33CU,FALSE,FALSE,FALSE
c3KI,FALSE,FALSE,FALSE
9DHk,FALSE,TRUE,TRUE
cgVo,FALSE,FALSE,FALSE
RaFO,FALSE,FALSE,FALSE
AcTQ,FALSE,TRUE,TRUE
K9XM,FALSE,TRUE,TRUE
Rhp0,TRUE,FALSE,TRUE
Bw7u,FALSE,FALSE,FALSE
w6Lg,FALSE,FALSE,FALSE
0YcM,FALSE,FALSE,FALSE
CU4N,FALSE,FALSE,FALSE
VJ7O,TRUE,TRUE,TRUE
9fQx,FALSE,FALSE,FALSE
D2UC,FALSE,FALSE,FALSE
SMNT,FALSE,FALSE,FALSE
qQmG,FALSE,FALSE,FALSE
8GSh,FALSE,FALSE,FALSE
jD76,FALSE,FALSE,FALSE
sjQa,FALSE,FALSE,FALSE
U53o,FALSE,FALSE,FALSE
xvS4,FALSE,FALSE,FALSE
7QWl,FALSE,FALSE,FALSE
r5IU,FALSE,FALSE,FALSE
Hy4F,FALSE,FALSE,FALSE
5CFs,FALSE,FALSE,FALSE
PYwO,FALSE,FALSE,FALSE
nSP0,FALSE,TRUE,TRUE
z6lZ,FALSE,FALSE,FALSE
76wg,FALSE,FALSE,FALSE
celQ,FALSE,FALSE,FALSE
P0E0,FALSE,FALSE,FALSE
8BV3,FALSE,FALSE,FALSE
q4Je,TRUE,FALSE,TRUE
8jbr,TRUE,FALSE,TRUE
ZdP8,FALSE,FALSE,FALSE
WJ43,FALSE,FALSE,FALSE
c5v5,FALSE,FALSE,FALSE
QieD,FALSE,FALSE,FALSE
omU3,FALSE,FALSE,FALSE
t5CV,TRUE,FALSE,TRUE
Cyts,FALSE,TRUE,TRUE
PHu4,FALSE,FALSE,FALSE
RNfz,FALSE,FALSE,FALSE
PsME,FALSE,TRUE,TRUE
nP1Q,FALSE,FALSE,FALSE
AZTA,FALSE,FALSE,FALSE
zD6k,FALSE,FALSE,FALSE
ERvE,FALSE,FALSE,FALSE
guxn,FALSE,FALSE,FALSE
oEaN,FALSE,FALSE,FALSE
xJMe,FALSE,FALSE,FALSE
cMWX,FALSE,FALSE,FALSE
NvNs,TRUE,FALSE,TRUE
Sxs5,FALSE,TRUE,TRUE
bXQR,FALSE,FALSE,FALSE
KeiV,TRUE,FALSE,TRUE
BBEi,FALSE,FALSE,FALSE
hZhD,FALSE,FALSE,FALSE
R2jV,FALSE,FALSE,FALSE
slmJ,FALSE,FALSE,FALSE
GA01,FALSE,FALSE,FALSE
m5tV,FALSE,FALSE,FALSE
S0Wk,FALSE,FALSE,FALSE
mmJK,FALSE,FALSE,FALSE
c1Uu,FALSE,FALSE,FALSE
AkmD,FALSE,FALSE,FALSE
BiC0,FALSE,FALSE,FALSE
wz9z,FALSE,FALSE,FALSE
HkWF,FALSE,FALSE,FALSE
6aDR,FALSE,FALSE,FALSE
5nSK,FALSE,FALSE,FALSE
pbdV,FALSE,FALSE,FALSE
FBWq,FALSE,FALSE,FALSE
p3zO,FALSE,FALSE,FALSE
N205,FALSE,FALSE,FALSE
k9G3,FALSE,FALSE,FALSE
LtDo,FALSE,FALSE,FALSE
8VlF,FALSE,FALSE,FALSE
wRob,FALSE,FALSE,FALSE
KMH6,FALSE,FALSE,FALSE
xbCN,FALSE,TRUE,TRUE
qmZg,FALSE,FALSE,FALSE
mGIC,FALSE,FALSE,FALSE
DP1G,FALSE,FALSE,FALSE
tiXu,FALSE,FALSE,FALSE
JHrU,FALSE,FALSE,FALSE
CkVr,FALSE,TRUE,TRUE
g2iT,FALSE,FALSE,FALSE
eq4R,FALSE,FALSE,FALSE
JK4v,FALSE,FALSE,FALSE
AjN3,FALSE,FALSE,FALSE
Fxcq,FALSE,FALSE,FALSE
Kc9J,FALSE,FALSE,FALSE
HXTy,FALSE,TRUE,TRUE
MJpl,FALSE,FALSE,FALSE
WFF9,FALSE,FALSE,FALSE
X6t9,FALSE,FALSE,FALSE
4i7B,FALSE,TRUE,TRUE
3Mlb,FALSE,FALSE,FALSE
Dd9n,FALSE,FALSE,FALSE
1Hg3,FALSE,FALSE,FALSE
U6ir,FALSE,FALSE,FALSE
dBFo,FALSE,FALSE,FALSE
Tlo5,FALSE,FALSE,FALSE
E9Ni,FALSE,FALSE,FALSE
ey5J,FALSE,FALSE,FALSE
fArQ,FALSE,FALSE,FALSE
F8Ba,FALSE,FALSE,FALSE
Qi6N,FALSE,FALSE,FALSE
OchU,FALSE,FALSE,FALSE
T7l1,TRUE,FALSE,TRUE
1qYn,FALSE,FALSE,FALSE
MGrW,FALSE,FALSE,FALSE
0nLc,FALSE,FALSE,FALSE
guwn,FALSE,FALSE,FALSE
fTdm,FALSE,FALSE,FALSE
BhX0,FALSE,FALSE,FALSE
YqoU,FALSE,TRUE,TRUE
6sac,FALSE,TRUE,TRUE
2vPl,FALSE,FALSE,FALSE
dubS,FALSE,FALSE,FALSE
xb4C,FALSE,FALSE,FALSE
M2I0,FALSE,FALSE,FALSE
ZNqY,FALSE,FALSE,FALSE
ZXKF,FALSE,FALSE,FALSE
pOQr,FALSE,FALSE,FALSE
6CTZ,FALSE,FALSE,FALSE
V8Rq,FALSE,FALSE,FALSE
YxwY,FALSE,FALSE,FALSE
xtGr,FALSE,FALSE,FALSE
dVCR,FALSE,FALSE,FALSE
UlEQ,FALSE,FALSE,FALSE
Xqt1,FALSE,TRUE,TRUE
Xc5W,FALSE,FALSE,FALSE
qVs4,FALSE,FALSE,FALSE
yJr8,FALSE,,FALSE
QkVp,FALSE,FALSE,FALSE
m3o2,FALSE,FALSE,FALSE
1HcX,FALSE,FALSE,FALSE
fROY,TRUE,FALSE,TRUE
qQDA,FALSE,FALSE,FALSE
iDsb,FALSE,FALSE,FALSE
OUdn,FALSE,FALSE,FALSE
wEkW,FALSE,FALSE,FALSE
1SUC,FALSE,FALSE,FALSE
w0Jx,FALSE,FALSE,FALSE
rwpi,FALSE,TRUE,TRUE
YOFE,FALSE,FALSE,FALSE
51y3,FALSE,FALSE,FALSE
3d7n,FALSE,FALSE,FALSE
7HYv,FALSE,FALSE,FALSE
7INf,FALSE,FALSE,FALSE
KrWP,FALSE,TRUE,TRUE
Thmz,FALSE,FALSE,FALSE
8vX4,FALSE,FALSE,FALSE
uUcR,FALSE,FALSE,FALSE
NoiF,FALSE,TRUE,TRUE
7lSa,FALSE,FALSE,FALSE
GOQt,FALSE,FALSE,FALSE
dOTY,FALSE,FALSE,FALSE
EPMY,FALSE,FALSE,FALSE
uI0s,FALSE,FALSE,FALSE
rDPS,FALSE,FALSE,FALSE
MGAy,FALSE,FALSE,FALSE
3361,FALSE,TRUE,TRUE
mbQC,FALSE,FALSE,FALSE
T1Zg,FALSE,FALSE,FALSE
LbVp,FALSE,FALSE,FALSE
Z5Es,FALSE,FALSE,FALSE
bIKv,FALSE,FALSE,FALSE
F5xm,TRUE,FALSE,TRUE
id1f,FALSE,FALSE,FALSE
jAAv,FALSE,FALSE,FALSE
oi48,FALSE,FALSE,FALSE
TjNY,FALSE,FALSE,FALSE
axEj,FALSE,FALSE,FALSE
eHXl,FALSE,FALSE,FALSE
MKQc,FALSE,FALSE,FALSE
NBVT,FALSE,FALSE,FALSE
i4ln,FALSE,TRUE,TRUE
bEMe,TRUE,FALSE,TRUE
5xTi,FALSE,FALSE,FALSE
z6xu,TRUE,FALSE,TRUE
bWxP,FALSE,FALSE,FALSE
AF8P,FALSE,FALSE,FALSE
bFhM,FALSE,FALSE,FALSE
a9y8,FALSE,FALSE,FALSE
OIPS,FALSE,FALSE,FALSE
GLlI,FALSE,FALSE,FALSE
1M3x,FALSE,FALSE,FALSE
V5S3,FALSE,FALSE,FALSE
JCgc,FALSE,FALSE,FALSE
05Uz,FALSE,FALSE,FALSE
q81E,FALSE,FALSE,FALSE
OFH4,FALSE,FALSE,FALSE
FSif,FALSE,FALSE,FALSE
hv94,FALSE,FALSE,FALSE
Zze0,FALSE,FALSE,FALSE
c0lv,FALSE,FALSE,FALSE
IYIT,TRUE,FALSE,TRUE
M7v6,FALSE,FALSE,FALSE
cS7q,TRUE,FALSE,TRUE
gXPi,FALSE,FALSE,FALSE
xnOF,FALSE,FALSE,FALSE
568e,FALSE,FALSE,FALSE
uD0k,FALSE,FALSE,FALSE
BQsu,FALSE,FALSE,FALSE
oKPP,FALSE,TRUE,TRUE
zaPE,FALSE,FALSE,FALSE
iCpn,FALSE,TRUE,TRUE
1n7z,FALSE,FALSE,FALSE
FQes,FALSE,FALSE,FALSE
oJ0G,FALSE,FALSE,FALSE
KEVC,FALSE,FALSE,FALSE
JdoQ,FALSE,FALSE,FALSE
9nVq,FALSE,FALSE,FALSE
E6Kp,FALSE,FALSE,FALSE
n06h,FALSE,FALSE,FALSE
PitN,FALSE,FALSE,FALSE
Omko,FALSE,FALSE,FALSE
0m1m,FALSE,FALSE,FALSE
prok,TRUE,FALSE,TRUE
XPbP,FALSE,FALSE,FALSE
xX4V,FALSE,FALSE,FALSE
L7BO,FALSE,FALSE,FALSE
tIMr,FALSE,FALSE,FALSE
pFVW,FALSE,,FALSE
ahDB,FALSE,FALSE,FALSE
Nimi,FALSE,FALSE,FALSE
1Gxa,FALSE,FALSE,FALSE
HbvX,FALSE,FALSE,FALSE
C8BC,FALSE,FALSE,FALSE
f76H,FALSE,FALSE,FALSE
OwwK,FALSE,TRUE,TRUE
jaPb,FALSE,FALSE,FALSE
4T0m,FALSE,FALSE,FALSE
PvN4,FALSE,FALSE,FALSE
WEJ0,FALSE,FALSE,FALSE
zeAt,FALSE,FALSE,FALSE
9f5P,TRUE,TRUE,TRUE
2I6L,FALSE,FALSE,FALSE
dLUP,FALSE,FALSE,FALSE
ZPjH,FALSE,FALSE,FALSE
ZSMV,FALSE,FALSE,FALSE
J5n9,FALSE,FALSE,FALSE
54yD,FALSE,FALSE,FALSE
2hhY,FALSE,FALSE,FALSE
HiMm,FALSE,FALSE,FALSE
7cq0,FALSE,FALSE,FALSE
Kv1c,FALSE,FALSE,FALSE
A7yv,FALSE,FALSE,FALSE
tHiW,FALSE,FALSE,FALSE
qKWo,FALSE,FALSE,FALSE
5D17,FALSE,FALSE,FALSE
kKmO,FALSE,FALSE,FALSE
mRWx,FALSE,FALSE,FALSE
rtiS,FALSE,FALSE,FALSE
OS9n,FALSE,FALSE,FALSE
fJBn,FALSE,TRUE,TRUE
TiTa,FALSE,FALSE,FALSE
pW55,FALSE,FALSE,FALSE
aumW,TRUE,FALSE,TRUE
VW35,FALSE,FALSE,FALSE
YjbC,FALSE,TRUE,TRUE
3de2,FALSE,FALSE,FALSE
xZto,TRUE,FALSE,TRUE
WMFF,FALSE,FALSE,FALSE
XlDZ,FALSE,,FALSE
gwvq,TRUE,FALSE,TRUE
b9XP,FALSE,FALSE,FALSE
kHHN,FALSE,FALSE,FALSE
bndZ,FALSE,FALSE,FALSE
SlSK,FALSE,FALSE,FALSE
KVYI,FALSE,FALSE,FALSE
nQns,FALSE,TRUE,TRUE
7TnM,FALSE,FALSE,FALSE
LlmX,FALSE,FALSE,FALSE
nw7p,FALSE,FALSE,FALSE
FgPy,FALSE,FALSE,FALSE
UkPt,FALSE,FALSE,FALSE
u4BJ,FALSE,FALSE,FALSE
VFLb,FALSE,FALSE,FALSE
pE9F,FALSE,TRUE,TRUE
2nZV,TRUE,FALSE,TRUE
PzGP,TRUE,FALSE,TRUE
pyjo,FALSE,TRUE,TRUE
lH2i,FALSE,FALSE,FALSE
fJyF,FALSE,FALSE,FALSE
z93x,FALSE,FALSE,FALSE
IkFb,TRUE,FALSE,TRUE
kejN,FALSE,FALSE,FALSE
Tu2L,FALSE,FALSE,FALSE
4eWj,FALSE,FALSE,FALSE
UpMb,FALSE,FALSE,FALSE
Wt5h,FALSE,FALSE,FALSE
mmdL,FALSE,FALSE,FALSE
bbgF,FALSE,FALSE,FALSE
L8ow,FALSE,TRUE,TRUE
gNO0,FALSE,FALSE,FALSE
3dJM,FALSE,FALSE,FALSE
bBi8,FALSE,FALSE,FALSE
Nwtj,FALSE,FALSE,FALSE
W32n,FALSE,FALSE,FALSE
YjBA,FALSE,FALSE,FALSE
RL6Q,FALSE,FALSE,FALSE
Y5Kk,FALSE,FALSE,FALSE
lD4Z,FALSE,FALSE,FALSE
hoLX,FALSE,FALSE,FALSE
SkGd,FALSE,FALSE,FALSE
YwtN,FALSE,FALSE,FALSE
B9Vf,FALSE,FALSE,FALSE
z2Wz,FALSE,FALSE,FALSE
0ExL,FALSE,FALSE,FALSE
LQY9,FALSE,FALSE,FALSE
3j7n,FALSE,FALSE,FALSE
CGQz,FALSE,FALSE,FALSE
urCt,FALSE,FALSE,FALSE
9cl8,FALSE,FALSE,FALSE
jeAS,FALSE,FALSE,FALSE
CFLH,FALSE,FALSE,FALSE
cmpj,FALSE,FALSE,FALSE
SXMg,FALSE,FALSE,FALSE
WPeT,TRUE,FALSE,TRUE
c3lu,FALSE,FALSE,FALSE
pzEe,FALSE,FALSE,FALSE
t4hb,FALSE,FALSE,FALSE
hIy0,FALSE,FALSE,FALSE
Ck86,FALSE,FALSE,FALSE
k3nH,FALSE,FALSE,FALSE
bnXI,FALSE,FALSE,FALSE
fw9p,FALSE,FALSE,FALSE
L3It,FALSE,FALSE,FALSE
d0V5,FALSE,FALSE,FALSE
LrAZ,FALSE,FALSE,FALSE
p9OE,FALSE,FALSE,FALSE
5SDw,FALSE,TRUE,TRUE
3wAc,FALSE,FALSE,FALSE
3vZO,FALSE,FALSE,FALSE
CMHf,FALSE,FALSE,FALSE
2Mao,TRUE,FALSE,TRUE
8dUE,FALSE,FALSE,FALSE
PZNs,FALSE,FALSE,FALSE
PBCe,FALSE,FALSE,FALSE
nU4C,FALSE,FALSE,FALSE
tQug,FALSE,FALSE,FALSE
bx2s,FALSE,TRUE,TRUE
vISi,FALSE,FALSE,FALSE
QIXP,FALSE,FALSE,FALSE
6Wah,FALSE,FALSE,FALSE
zHTu,FALSE,FALSE,FALSE
WbFj,TRUE,FALSE,TRUE
HeZQ,FALSE,FALSE,FALSE
zhLB,FALSE,FALSE,FALSE
xIzb,FALSE,FALSE,FALSE
Um3T,FALSE,FALSE,FALSE
AsrT,FALSE,FALSE,FALSE
0zkv,FALSE,FALSE,FALSE
jwSd,FALSE,FALSE,FALSE
BIj3,FALSE,FALSE,FALSE
aab5,FALSE,FALSE,FALSE
fuU2,FALSE,FALSE,FALSE
dOax,FALSE,TRUE,TRUE
TSpO,TRUE,FALSE,TRUE
7uu6,FALSE,FALSE,FALSE
sk51,FALSE,FALSE,FALSE
wCt7,FALSE,FALSE,FALSE
tZVu,FALSE,FALSE,FALSE
dTsD,TRUE,TRUE,TRUE
kRpX,FALSE,FALSE,FALSE
uCHm,FALSE,FALSE,FALSE
jkhV,FALSE,FALSE,FALSE
PbLW,FALSE,FALSE,FALSE
OKjQ,FALSE,TRUE,TRUE
fmNH,FALSE,FALSE,FALSE
CX8W,FALSE,FALSE,FALSE
mQNB,FALSE,FALSE,FALSE
8Uwu,FALSE,TRUE,TRUE
8N9H,FALSE,FALSE,FALSE
AMAo,FALSE,FALSE,FALSE
RBfS,TRUE,FALSE,TRUE
g2xC,FALSE,FALSE,FALSE
1xD0,FALSE,FALSE,FALSE
Jw2b,FALSE,FALSE,FALSE
Cpdu,FALSE,FALSE,FALSE
HIee,FALSE,FALSE,FALSE
xcTA,FALSE,FALSE,FALSE
dosr,FALSE,FALSE,FALSE
1PvM,FALSE,FALSE,FALSE
DKD0,TRUE,FALSE,TRUE
bPr4,FALSE,FALSE,FALSE
v1gE,FALSE,FALSE,FALSE
t7s9,TRUE,FALSE,TRUE
u538,TRUE,FALSE,TRUE
babD,FALSE,FALSE,FALSE
y0ys,TRUE,FALSE,TRUE
qL8s,FALSE,FALSE,FALSE
fayO,FALSE,FALSE,FALSE
yC6a,FALSE,FALSE,FALSE
q0Jp,TRUE,FALSE,TRUE
4adu,FALSE,FALSE,FALSE
Tjop,FALSE,TRUE,TRUE
79zc,FALSE,FALSE,FALSE
TWI0,TRUE,FALSE,TRUE
LwYO,FALSE,FALSE,FALSE
COVj,FALSE,FALSE,FALSE
ZmDR,FALSE,FALSE,FALSE
FmVm,FALSE,FALSE,FALSE
QbkN,FALSE,FALSE,FALSE
jfLP,FALSE,FALSE,FALSE
DErg,FALSE,FALSE,FALSE
Wxph,FALSE,FALSE,FALSE
IO43,FALSE,FALSE,FALSE
Zbo4,FALSE,FALSE,FALSE
JuA8,FALSE,FALSE,FALSE
ikbl,FALSE,FALSE,FALSE
1osM,FALSE,FALSE,FALSE
eUDc,FALSE,FALSE,FALSE
842f,FALSE,FALSE,FALSE
kOog,FALSE,FALSE,FALSE
x6YP,FALSE,FALSE,FALSE
cFiE,FALSE,FALSE,FALSE
zsGs,FALSE,FALSE,FALSE
iuGU,FALSE,TRUE,TRUE
jLvR,FALSE,FALSE,FALSE
XTZc,FALSE,FALSE,FALSE
QRGU,FALSE,TRUE,TRUE
Qxbs,FALSE,FALSE,FALSE
MEwE,FALSE,FALSE,FALSE
Qi3G,FALSE,FALSE,FALSE
XSsA,FALSE,FALSE,FALSE
B9AK,FALSE,FALSE,FALSE
CZRJ,FALSE,FALSE,FALSE
XSeF,FALSE,FALSE,FALSE
hLnA,TRUE,FALSE,TRUE
478i,TRUE,FALSE,TRUE
mTMU,FALSE,FALSE,FALSE
5i4G,FALSE,TRUE,TRUE
Fwdw,FALSE,FALSE,FALSE
kI6T,FALSE,FALSE,FALSE
aKcU,TRUE,FALSE,TRUE
Hn72,FALSE,FALSE,FALSE
OxDN,FALSE,FALSE,FALSE
2pKz,FALSE,FALSE,FALSE
Y0rU,FALSE,FALSE,FALSE
VMnB,FALSE,FALSE,FALSE
uDIZ,FALSE,FALSE,FALSE
Pk9v,FALSE,FALSE,FALSE
xX1h,FALSE,FALSE,FALSE
iVtS,FALSE,FALSE,FALSE
hy1i,FALSE,FALSE,FALSE
Ui5o,FALSE,FALSE,FALSE
kxwT,FALSE,FALSE,FALSE
tn3a,FALSE,FALSE,FALSE
IWGK,FALSE,FALSE,FALSE
iz0x,FALSE,FALSE,FALSE
U2Gx,FALSE,TRUE,TRUE
U6EO,FALSE,FALSE,FALSE
8wX3,FALSE,FALSE,FALSE
63jA,FALSE,FALSE,FALSE
QLZo,FALSE,FALSE,FALSE
hjKG,FALSE,FALSE,FALSE
LJ5C,TRUE,FALSE,TRUE
sqqL,FALSE,FALSE,FALSE
tcbi,FALSE,FALSE,FALSE
a1mY,FALSE,FALSE,FALSE
J0O3,FALSE,FALSE,FALSE
YMNl,FALSE,FALSE,FALSE
RQnA,FALSE,FALSE,FALSE
6AHB,FALSE,FALSE,FALSE
u5aC,FALSE,FALSE,FALSE
Gne5,FALSE,FALSE,FALSE
O23v,FALSE,FALSE,FALSE
apKr,FALSE,FALSE,FALSE
sNic,FALSE,FALSE,FALSE
wO8N,FALSE,FALSE,FALSE
U6Oa,FALSE,FALSE,FALSE
MGnO,FALSE,FALSE,FALSE
xPom,FALSE,FALSE,FALSE
6qd6,FALSE,TRUE,TRUE
f3z5,FALSE,FALSE,FALSE
QKq4,FALSE,FALSE,FALSE
rMOu,FALSE,FALSE,FALSE
P2or,FALSE,FALSE,FALSE
N74T,FALSE,FALSE,FALSE
j2a4,FALSE,FALSE,FALSE
7Dc2,FALSE,FALSE,FALSE
R6NI,TRUE,FALSE,TRUE
dAvb,FALSE,FALSE,FALSE
afw8,FALSE,FALSE,FALSE
CEpp,FALSE,FALSE,FALSE
pfjG,FALSE,FALSE,FALSE
9rTB,FALSE,FALSE,FALSE
Pbbg,FALSE,FALSE,FALSE
ekLu,FALSE,FALSE,FALSE
8xHF,FALSE,FALSE,FALSE
tbyA,FALSE,FALSE,FALSE
SFdR,FALSE,FALSE,FALSE
Pdnp,FALSE,FALSE,FALSE
Chtp,FALSE,FALSE,FALSE
BAlM,FALSE,FALSE,FALSE
6Cov,FALSE,FALSE,FALSE
a1Ec,FALSE,TRUE,TRUE
D86Z,TRUE,FALSE,TRUE
rWLI,FALSE,FALSE,FALSE
rnHJ,FALSE,FALSE,FALSE
khzS,FALSE,FALSE,FALSE
MeqB,FALSE,FALSE,FALSE
xfI3,FALSE,FALSE,FALSE
9RVd,FALSE,FALSE,FALSE
lsjG,FALSE,FALSE,FALSE
ZYfy,FALSE,FALSE,FALSE
sqcH,FALSE,FALSE,FALSE
BtPR,FALSE,TRUE,TRUE
HfCN,FALSE,FALSE,FALSE
y2Mh,FALSE,FALSE,FALSE
1Z2n,FALSE,,FALSE
Kj4D,FALSE,FALSE,FALSE
BVtV,FALSE,FALSE,FALSE
s3tW,FALSE,TRUE,TRUE
pJH3,FALSE,FALSE,FALSE
0is0,FALSE,FALSE,FALSE
5X8o,FALSE,TRUE,TRUE
A6sP,FALSE,FALSE,FALSE
GHw9,TRUE,FALSE,TRUE
AT84,FALSE,FALSE,FALSE
sn0I,FALSE,TRUE,TRUE
1p18,FALSE,FALSE,FALSE
Nt7b,FALSE,FALSE,FALSE
FcHl,FALSE,FALSE,FALSE
dUYy,FALSE,FALSE,FALSE
9nNJ,FALSE,FALSE,FALSE
cHjj,FALSE,FALSE,FALSE
Ga8o,FALSE,FALSE,FALSE
Klpw,FALSE,FALSE,FALSE
Uh1p,FALSE,FALSE,FALSE
1GcJ,FALSE,FALSE,FALSE
ChmB,FALSE,FALSE,FALSE
AGfg,FALSE,FALSE,FALSE
Yc4h,FALSE,FALSE,FALSE
FLi7,FALSE,FALSE,FALSE
FaSA,FALSE,FALSE,FALSE
dxfY,FALSE,FALSE,FALSE
6Sg6,FALSE,FALSE,FALSE
BJt0,FALSE,FALSE,FALSE
iX5J,FALSE,FALSE,FALSE
ep8T,FALSE,FALSE,FALSE
VNJ2,FALSE,FALSE,FALSE
NojN,FALSE,FALSE,FALSE
PE5c,FALSE,FALSE,FALSE
uhyT,FALSE,FALSE,FALSE
eNGk,FALSE,FALSE,FALSE
NfVM,FALSE,FALSE,FALSE
BqEH,FALSE,FALSE,FALSE
FhzG,FALSE,FALSE,FALSE
iUwk,FALSE,FALSE,FALSE
Oe4G,FALSE,FALSE,FALSE
MhmB,FALSE,FALSE,FALSE
vT7I,TRUE,FALSE,TRUE
YXIW,TRUE,TRUE,TRUE
HRbZ,FALSE,TRUE,TRUE
nRQA,FALSE,FALSE,FALSE
59in,FALSE,FALSE,FALSE
Tr1h,FALSE,FALSE,FALSE
i0Nt,TRUE,FALSE,TRUE
RB7o,FALSE,FALSE,FALSE
1Obk,FALSE,FALSE,FALSE
qu0h,FALSE,FALSE,FALSE
9VGf,FALSE,FALSE,FALSE
AZyj,FALSE,TRUE,TRUE
wuAe,FALSE,FALSE,FALSE
Wyha,FALSE,FALSE,FALSE
EAu1,FALSE,FALSE,FALSE
zbKc,FALSE,FALSE,FALSE
Sm5W,FALSE,FALSE,FALSE
UPmg,TRUE,FALSE,TRUE
WpA0,TRUE,FALSE,TRUE
4Im4,FALSE,FALSE,FALSE
s83T,TRUE,FALSE,TRUE
6MJz,FALSE,FALSE,FALSE
eNmE,FALSE,FALSE,FALSE
nBWI,FALSE,FALSE,FALSE
HBHr,TRUE,FALSE,TRUE
PtJm,FALSE,FALSE,FALSE
IBIR,FALSE,FALSE,FALSE
PCnu,FALSE,FALSE,FALSE
H6zj,FALSE,FALSE,FALSE
HgB8,FALSE,TRUE,TRUE
1WO5,FALSE,FALSE,FALSE
hyuN,FALSE,FALSE,FALSE
BnKg,TRUE,FALSE,TRUE
3ejn,FALSE,FALSE,FALSE
Z7Om,FALSE,FALSE,FALSE
GhaT,FALSE,FALSE,FALSE
OeIK,FALSE,FALSE,FALSE
aos0,FALSE,TRUE,TRUE
DyYo,TRUE,TRUE,TRUE
sG34,FALSE,FALSE,FALSE
3Aj2,FALSE,FALSE,FALSE
hyza,FALSE,TRUE,TRUE
avKo,FALSE,FALSE,FALSE
S9qu,FALSE,FALSE,FALSE
SHiH,FALSE,FALSE,FALSE
EMvs,TRUE,FALSE,TRUE
DtW9,FALSE,FALSE,FALSE
H697,FALSE,FALSE,FALSE
JzHS,FALSE,FALSE,FALSE
yXNN,FALSE,FALSE,FALSE
uTUi,FALSE,FALSE,FALSE
HJVp,FALSE,FALSE,FALSE
1s8x,FALSE,FALSE,FALSE
2u1w,TRUE,FALSE,TRUE
xZRB,FALSE,FALSE,FALSE
ds6Y,FALSE,FALSE,FALSE
41nc,FALSE,FALSE,FALSE
GzE5,FALSE,FALSE,FALSE
leOu,FALSE,FALSE,FALSE
WjGC,FALSE,FALSE,FALSE
gSw4,FALSE,FALSE,FALSE
5G24,FALSE,FALSE,FALSE
BJTt,TRUE,FALSE,TRUE
3v9V,FALSE,FALSE,FALSE
lRhE,FALSE,FALSE,FALSE
dESB,FALSE,FALSE,FALSE
3xgJ,FALSE,FALSE,FALSE
Kt4d,FALSE,FALSE,FALSE
UqkO,FALSE,FALSE,FALSE
M669,TRUE,FALSE,TRUE
mg7I,FALSE,FALSE,FALSE
VAW7,FALSE,FALSE,FALSE
57Z9,FALSE,FALSE,FALSE
BOYp,FALSE,FALSE,FALSE
YhYO,FALSE,FALSE,FALSE
FfGD,FALSE,FALSE,FALSE
JSZb,FALSE,FALSE,FALSE
JsEM,FALSE,FALSE,FALSE
BWDM,FALSE,FALSE,FALSE
Pu7T,FALSE,FALSE,FALSE
vAwq,FALSE,FALSE,FALSE
axTH,FALSE,FALSE,FALSE
FSu8,FALSE,FALSE,FALSE
ZAJy,FALSE,FALSE,FALSE
kow9,FALSE,TRUE,TRUE
mt5V,TRUE,FALSE,TRUE
X8pT,FALSE,FALSE,FALSE
4bhW,FALSE,FALSE,FALSE
5QMc,FALSE,FALSE,FALSE
qCq3,FALSE,FALSE,FALSE
D8na,FALSE,FALSE,FALSE
8w0I,FALSE,FALSE,FALSE
V0Mz,FALSE,FALSE,FALSE
oaDz,TRUE,FALSE,TRUE
ps7i,FALSE,TRUE,TRUE
ono9,TRUE,TRUE,TRUE
uKE9,FALSE,FALSE,FALSE
nulx,FALSE,FALSE,FALSE
0Vff,FALSE,FALSE,FALSE
tCj2,FALSE,FALSE,FALSE
IvdY,FALSE,FALSE,FALSE
BtHx,FALSE,FALSE,FALSE
2UJa,FALSE,FALSE,FALSE
K1pP,FALSE,FALSE,FALSE
yIy6,FALSE,FALSE,FALSE
Emwy,FALSE,FALSE,FALSE
MLUg,FALSE,FALSE,FALSE
iY6J,FALSE,FALSE,FALSE
8Koz,FALSE,TRUE,TRUE
p5F0,FALSE,FALSE,FALSE
mHUe,FALSE,FALSE,FALSE
fTkO,FALSE,FALSE,FALSE
fih6,TRUE,TRUE,TRUE
tR6W,FALSE,FALSE,FALSE
Jesl,FALSE,FALSE,FALSE
aqHJ,TRUE,FALSE,TRUE
Y9nU,FALSE,FALSE,FALSE
SVlK,FALSE,FALSE,FALSE
DzqA,FALSE,FALSE,FALSE
nVVb,FALSE,FALSE,FALSE
AbQC,FALSE,FALSE,FALSE
yRRH,FALSE,FALSE,FALSE
BsqS,FALSE,FALSE,FALSE
ZFiF,FALSE,FALSE,FALSE
LSYu,FALSE,FALSE,FALSE
Uu63,FALSE,FALSE,FALSE
0fJh,FALSE,FALSE,FALSE
4Yw6,FALSE,FALSE,FALSE
JTCa,TRUE,FALSE,TRUE
ShKc,FALSE,FALSE,FALSE
TnOt,FALSE,FALSE,FALSE
YpRM,FALSE,FALSE,FALSE
jheI,FALSE,FALSE,FALSE
sAvl,FALSE,FALSE,FALSE
1VTk,TRUE,FALSE,TRUE
ltkN,FALSE,FALSE,FALSE
7s06,FALSE,FALSE,FALSE
7SpK,FALSE,FALSE,FALSE
7LJP,FALSE,FALSE,FALSE
Cy0g,FALSE,FALSE,FALSE
IhKn,FALSE,FALSE,FALSE
SlQM,FALSE,FALSE,FALSE
gZdd,FALSE,FALSE,FALSE
YR8x,FALSE,FALSE,FALSE
kc5O,FALSE,FALSE,FALSE
GRLS,FALSE,FALSE,FALSE
wCmH,FALSE,FALSE,FALSE
CUhP,FALSE,FALSE,FALSE
hK6r,FALSE,FALSE,FALSE
4GHO,FALSE,FALSE,FALSE
vQX1,FALSE,FALSE,FALSE
RnMf,FALSE,FALSE,FALSE
8qSQ,FALSE,FALSE,FALSE
Hugj,FALSE,FALSE,FALSE
AP03,FALSE,FALSE,FALSE
XH4J,FALSE,TRUE,TRUE
ZHcp,FALSE,FALSE,FALSE
9q09,FALSE,FALSE,FALSE
tTru,FALSE,FALSE,FALSE
ALMk,TRUE,FALSE,TRUE
YCc0,FALSE,FALSE,FALSE
oddX,FALSE,FALSE,FALSE
3JPg,FALSE,FALSE,FALSE
2KDl,FALSE,FALSE,FALSE
7Z3T,FALSE,FALSE,FALSE
rTx4,FALSE,FALSE,FALSE
9dPF,TRUE,FALSE,TRUE
pc09,FALSE,TRUE,TRUE
J3wF,FALSE,FALSE,FALSE
YmkS,FALSE,FALSE,FALSE
UBfX,FALSE,FALSE,FALSE
xXXZ,FALSE,FALSE,FALSE
HDiE,FALSE,FALSE,FALSE
B9Q7,FALSE,FALSE,FALSE
GAmb,FALSE,TRUE,TRUE
dK4P,FALSE,FALSE,FALSE
h3hd,TRUE,FALSE,TRUE
GYWi,FALSE,FALSE,FALSE
E2f6,FALSE,FALSE,FALSE
cmAW,FALSE,FALSE,FALSE
64ej,FALSE,FALSE,FALSE
mTqE,FALSE,FALSE,FALSE
5MOY,FALSE,FALSE,FALSE
NjlJ,FALSE,FALSE,FALSE
bPxH,TRUE,FALSE,TRUE
1Bfi,TRUE,FALSE,TRUE
OwCe,TRUE,FALSE,TRUE
tiOe,TRUE,FALSE,TRUE
2Yca,FALSE,FALSE,FALSE
uAJB,FALSE,FALSE,FALSE
akOm,FALSE,FALSE,FALSE
kqvx,FALSE,TRUE,TRUE
5jzS,FALSE,FALSE,FALSE
LHmU,FALSE,FALSE,FALSE
RGP1,FALSE,TRUE,TRUE
A6Hc,FALSE,FALSE,FALSE
CKLw,FALSE,FALSE,FALSE
lcRK,FALSE,TRUE,TRUE
ff95,FALSE,FALSE,FALSE
ZF9Q,FALSE,FALSE,FALSE
KCix,FALSE,FALSE,FALSE
WMUS,FALSE,FALSE,FALSE
asuj,FALSE,FALSE,FALSE
WSfa,FALSE,FALSE,FALSE
mcGU,FALSE,FALSE,FALSE
m5UW,FALSE,TRUE,TRUE
RJrj,FALSE,FALSE,FALSE
VO9V,FALSE,FALSE,FALSE
caLi,FALSE,FALSE,FALSE
Z8Vz,FALSE,FALSE,FALSE
TlJM,FALSE,FALSE,FALSE
sWYo,FALSE,FALSE,FALSE
S1nB,FALSE,FALSE,FALSE
S7Pf,FALSE,FALSE,FALSE
bWyx,FALSE,FALSE,FALSE
V3Sg,FALSE,FALSE,FALSE
udWx,FALSE,FALSE,FALSE
LMEc,FALSE,FALSE,FALSE
NfCl,FALSE,FALSE,FALSE
3QPO,FALSE,FALSE,FALSE
pOGW,FALSE,FALSE,FALSE
izzK,FALSE,FALSE,FALSE
lZ02,FALSE,FALSE,FALSE
5o2e,FALSE,FALSE,FALSE
1KtX,FALSE,TRUE,TRUE
zUaS,FALSE,FALSE,FALSE
oaFF,FALSE,FALSE,FALSE
Ri03,FALSE,FALSE,FALSE
EWtL,FALSE,FALSE,FALSE
uCCe,FALSE,FALSE,FALSE
ll4Y,FALSE,FALSE,FALSE
VDVi,FALSE,FALSE,FALSE
H2dZ,FALSE,FALSE,FALSE
0Vow,FALSE,FALSE,FALSE
mF0B,FALSE,FALSE,FALSE
9u49,FALSE,FALSE,FALSE
adN3,FALSE,FALSE,FALSE
Nfll,FALSE,FALSE,FALSE
PjNM,FALSE,FALSE,FALSE
eggc,FALSE,FALSE,FALSE
9BOp,TRUE,FALSE,TRUE
Kysq,FALSE,FALSE,FALSE
HDaA,FALSE,FALSE,FALSE
038N,FALSE,FALSE,FALSE
gbNP,FALSE,FALSE,FALSE
EHn6,FALSE,FALSE,FALSE
rxfx,FALSE,FALSE,FALSE
IXA4,FALSE,FALSE,FALSE
bia0,FALSE,FALSE,FALSE
PJM1,FALSE,FALSE,FALSE
zanj,FALSE,FALSE,FALSE
ks1A,FALSE,FALSE,FALSE
78ri,FALSE,FALSE,FALSE
P5Mp,FALSE,FALSE,FALSE
YFjh,FALSE,FALSE,FALSE
bczz,FALSE,FALSE,FALSE
rFtM,FALSE,FALSE,FALSE
idwp,FALSE,FALSE,FALSE
3axU,TRUE,FALSE,TRUE
Rr4o,FALSE,TRUE,TRUE
SvSF,FALSE,TRUE,TRUE
HtEL,FALSE,FALSE,FALSE
X3DF,FALSE,TRUE,TRUE
RdXq,TRUE,FALSE,TRUE
RwaN,FALSE,FALSE,FALSE
NuVx,FALSE,FALSE,FALSE
37q6,FALSE,FALSE,FALSE
dScF,FALSE,FALSE,FALSE
5G4t,FALSE,FALSE,FALSE
YwPK,FALSE,FALSE,FALSE
TlT8,FALSE,TRUE,TRUE
heDf,FALSE,FALSE,FALSE
QRyz,FALSE,FALSE,FALSE
uCwK,FALSE,FALSE,FALSE
RHBk,FALSE,TRUE,TRUE
7jjy,FALSE,FALSE,FALSE
CpcK,FALSE,FALSE,FALSE
kcZH,FALSE,FALSE,FALSE
X0BG,FALSE,TRUE,TRUE
26Ce,FALSE,FALSE,FALSE
EjCX,FALSE,FALSE,FALSE
cXWp,FALSE,FALSE,FALSE
LxVr,FALSE,FALSE,FALSE
cT67,FALSE,FALSE,FALSE
7ySY,FALSE,FALSE,FALSE
lqje,TRUE,FALSE,TRUE
YeZy,FALSE,FALSE,FALSE
jkHq,FALSE,FALSE,FALSE
wgvh,FALSE,FALSE,FALSE
HqXx,FALSE,FALSE,FALSE
dsYC,FALSE,FALSE,FALSE
SyWG,TRUE,FALSE,TRUE
rYaY,FALSE,TRUE,TRUE
ElOj,FALSE,FALSE,FALSE
Xnhw,FALSE,FALSE,FALSE
wjbO,FALSE,FALSE,FALSE
GrWD,FALSE,FALSE,FALSE
RT8B,FALSE,FALSE,FALSE
wY7S,FALSE,FALSE,FALSE
jIEu,TRUE,TRUE,TRUE
0x46,TRUE,FALSE,TRUE
SzYR,TRUE,TRUE,TRUE
H6SI,FALSE,FALSE,FALSE
vaKf,FALSE,TRUE,TRUE
Dmj4,FALSE,FALSE,FALSE
9kZN,FALSE,TRUE,TRUE
buW6,FALSE,FALSE,FALSE
36oe,FALSE,FALSE,FALSE
S3dD,TRUE,FALSE,TRUE
6JQg,FALSE,FALSE,FALSE
NbuQ,FALSE,FALSE,FALSE
k9qo,FALSE,FALSE,FALSE
nxKl,TRUE,FALSE,TRUE
QZW7,TRUE,FALSE,TRUE
ZR1x,FALSE,FALSE,FALSE
gJxQ,FALSE,FALSE,FALSE
Tyld,TRUE,FALSE,TRUE
jivw,FALSE,FALSE,FALSE
MHeJ,FALSE,FALSE,FALSE
KNte,FALSE,FALSE,FALSE
OgsA,FALSE,FALSE,FALSE
Mdo6,FALSE,FALSE,FALSE
mvY1,FALSE,FALSE,FALSE
VElw,FALSE,FALSE,FALSE
ek4D,FALSE,FALSE,FALSE
sued,TRUE,FALSE,TRUE
LUoG,FALSE,TRUE,TRUE
uibx,FALSE,FALSE,FALSE
kP1S,FALSE,FALSE,FALSE
9KPI,FALSE,FALSE,FALSE
pC5z,FALSE,FALSE,FALSE
7bvs,FALSE,FALSE,FALSE
1Bz0,FALSE,FALSE,FALSE
pnT6,TRUE,FALSE,TRUE
BkbT,FALSE,FALSE,FALSE
87ii,FALSE,FALSE,FALSE
VZ5G,FALSE,FALSE,FALSE
ieNM,FALSE,FALSE,FALSE
G0oW,TRUE,TRUE,TRUE
Mat8,FALSE,FALSE,FALSE
ZZ9E,FALSE,FALSE,FALSE
PYmM,FALSE,FALSE,FALSE
43Io,FALSE,FALSE,FALSE
mgGa,FALSE,FALSE,FALSE
Zm8r,FALSE,FALSE,FALSE
AesB,FALSE,FALSE,FALSE
tHjs,FALSE,FALSE,FALSE
bqzg,FALSE,FALSE,FALSE
gkxv,FALSE,FALSE,FALSE
jgWR,FALSE,FALSE,FALSE
QBYZ,FALSE,FALSE,FALSE
LFcT,FALSE,FALSE,FALSE
jE1p,FALSE,FALSE,FALSE
7813,FALSE,FALSE,FALSE
P0Bx,FALSE,FALSE,FALSE
z2JA,FALSE,FALSE,FALSE
uFZC,FALSE,FALSE,FALSE
nSmd,FALSE,FALSE,FALSE
3IjH,FALSE,FALSE,FALSE
PwhQ,TRUE,FALSE,TRUE
IGUo,FALSE,FALSE,FALSE
qzPC,FALSE,FALSE,FALSE
D9HC,FALSE,FALSE,FALSE
6mks,FALSE,FALSE,FALSE
jzPi,FALSE,FALSE,FALSE
xN4c,FALSE,FALSE,FALSE
CXYK,FALSE,FALSE,FALSE
69Bd,FALSE,FALSE,FALSE
W6br,FALSE,FALSE,FALSE
CiNF,FALSE,FALSE,FALSE
Qs0B,FALSE,FALSE,FALSE
hyYB,FALSE,FALSE,FALSE
w6MC,FALSE,FALSE,FALSE
7iip,FALSE,FALSE,FALSE
5AIr,FALSE,TRUE,TRUE
f29U,FALSE,FALSE,FALSE
Tymu,FALSE,FALSE,FALSE
0Lfp,FALSE,FALSE,FALSE
uzYZ,FALSE,FALSE,FALSE
Tzad,FALSE,FALSE,FALSE
NgYd,FALSE,FALSE,FALSE
LdRJ,FALSE,FALSE,FALSE
pU7c,TRUE,FALSE,TRUE
cCWQ,FALSE,FALSE,FALSE
aAv6,FALSE,FALSE,FALSE
cPri,FALSE,FALSE,FALSE
GLH0,FALSE,FALSE,FALSE
veae,FALSE,FALSE,FALSE
c8s3,FALSE,TRUE,TRUE
ror5,FALSE,FALSE,FALSE
PrYg,FALSE,FALSE,FALSE
WFNr,FALSE,FALSE,FALSE
xoJA,FALSE,FALSE,FALSE
5sVs,FALSE,TRUE,TRUE
6S3r,FALSE,TRUE,TRUE
Rakl,FALSE,FALSE,FALSE
sivA,FALSE,FALSE,FALSE
0bZw,FALSE,FALSE,FALSE
QaOz,TRUE,FALSE,TRUE
g300,FALSE,TRUE,TRUE
5we0,FALSE,FALSE,FALSE
08BW,FALSE,FALSE,FALSE
XNGs,FALSE,FALSE,FALSE
cOMb,FALSE,TRUE,TRUE
MW8D,TRUE,FALSE,TRUE
V1Ef,FALSE,TRUE,TRUE
KsNT,FALSE,FALSE,FALSE
mX0o,FALSE,FALSE,FALSE
LPAP,TRUE,TRUE,TRUE
0qxI,FALSE,FALSE,FALSE
oSXu,FALSE,FALSE,FALSE
Fhjs,FALSE,FALSE,FALSE
kbvb,FALSE,FALSE,FALSE
3v7V,FALSE,FALSE,FALSE
Yhba,FALSE,FALSE,FALSE
e4tr,FALSE,,FALSE
9l02,FALSE,FALSE,FALSE
PgBN,FALSE,FALSE,FALSE
hQQj,FALSE,FALSE,FALSE
4h4S,FALSE,FALSE,FALSE
PDOL,FALSE,FALSE,FALSE
KkjN,FALSE,FALSE,FALSE
hUtY,FALSE,FALSE,FALSE
2ODr,FALSE,FALSE,FALSE
dP55,TRUE,FALSE,TRUE
GqGH,FALSE,FALSE,FALSE
JxSS,FALSE,TRUE,TRUE
iGav,FALSE,FALSE,FALSE
MqnI,FALSE,FALSE,FALSE
cz0Z,FALSE,TRUE,TRUE
nNum,FALSE,FALSE,FALSE
MnUt,FALSE,FALSE,FALSE
UZ9V,FALSE,FALSE,FALSE
DkaM,FALSE,FALSE,FALSE
aPWo,FALSE,FALSE,FALSE
WqI2,FALSE,FALSE,FALSE
VrrF,FALSE,FALSE,FALSE
RNzg,FALSE,FALSE,FALSE
TIIy,FALSE,FALSE,FALSE
m9A1,FALSE,FALSE,FALSE
35h3,FALSE,FALSE,FALSE
B1Ae,FALSE,FALSE,FALSE
Z6bN,FALSE,FALSE,FALSE
b3Df,FALSE,FALSE,FALSE
efvZ,FALSE,FALSE,FALSE
ULTo,FALSE,FALSE,FALSE
xzIa,FALSE,FALSE,FALSE
EmP6,FALSE,TRUE,TRUE
q95W,FALSE,FALSE,FALSE
7clC,TRUE,FALSE,TRUE
5cCW,FALSE,FALSE,FALSE
7ZW7,FALSE,FALSE,FALSE
kD94,FALSE,FALSE,FALSE
htdQ,TRUE,FALSE,TRUE
Dyfg,FALSE,FALSE,FALSE
Tu8F,FALSE,FALSE,FALSE
tKfo,FALSE,FALSE,FALSE
6Q8X,FALSE,TRUE,TRUE
mU9g,FALSE,FALSE,FALSE
F8Gx,FALSE,FALSE,FALSE
Nfmw,FALSE,FALSE,FALSE
xbeu,FALSE,TRUE,TRUE
tSg7,FALSE,FALSE,FALSE
6tLG,FALSE,FALSE,FALSE
8dYi,FALSE,FALSE,FALSE
Nimm,FALSE,TRUE,TRUE
FVLD,FALSE,FALSE,FALSE
Lczj,FALSE,FALSE,FALSE
4tiR,FALSE,TRUE,TRUE
Wluy,FALSE,FALSE,FALSE
a1kF,FALSE,FALSE,FALSE
OoRT,FALSE,FALSE,FALSE
wM1M,FALSE,FALSE,FALSE
O10a,FALSE,FALSE,FALSE
oqpJ,FALSE,TRUE,TRUE
Bf8J,FALSE,FALSE,FALSE
nsXo,FALSE,FALSE,FALSE
EEp8,FALSE,FALSE,FALSE
i4cf,FALSE,FALSE,FALSE
o8sS,FALSE,TRUE,TRUE
DiRU,FALSE,FALSE,FALSE
881g,FALSE,FALSE,FALSE
Vt8P,FALSE,FALSE,FALSE
zkeU,FALSE,FALSE,FALSE
37hj,FALSE,FALSE,FALSE
g0b3,FALSE,,FALSE
a2il,TRUE,FALSE,TRUE
Y857,FALSE,FALSE,FALSE
FJNQ,FALSE,FALSE,FALSE
yyXU,FALSE,FALSE,FALSE
IlNj,FALSE,FALSE,FALSE
V2Bk,FALSE,FALSE,FALSE
WAYQ,FALSE,FALSE,FALSE
Qzk8,FALSE,FALSE,FALSE
XtcQ,FALSE,FALSE,FALSE
YGo5,FALSE,FALSE,FALSE
2mdp,FALSE,FALSE,FALSE
9GtG,FALSE,FALSE,FALSE
CuRh,TRUE,FALSE,TRUE
q3Yv,FALSE,FALSE,FALSE
pjUM,FALSE,FALSE,FALSE
bsvP,FALSE,FALSE,FALSE
vDN0,FALSE,FALSE,FALSE
gGsy,FALSE,FALSE,FALSE
I5KO,FALSE,FALSE,FALSE
dw65,FALSE,TRUE,TRUE
9HPj,FALSE,FALSE,FALSE
dLif,FALSE,TRUE,TRUE
mIZ2,FALSE,FALSE,FALSE
BxC3,FALSE,FALSE,FALSE
YDog,FALSE,FALSE,FALSE
Pv4Y,FALSE,FALSE,FALSE
2pbB,FALSE,FALSE,FALSE
dwxT,FALSE,,FALSE
Z0QN,FALSE,FALSE,FALSE
S4cr,FALSE,FALSE,FALSE
hxrR,TRUE,FALSE,TRUE
D5r8,FALSE,FALSE,FALSE
ag29,FALSE,FALSE,FALSE
SHIt,FALSE,FALSE,FALSE
yzly,FALSE,FALSE,FALSE
ufyZ,FALSE,FALSE,FALSE
kcJo,FALSE,FALSE,FALSE
HfeA,FALSE,FALSE,FALSE
ggHU,FALSE,FALSE,FALSE
axzp,FALSE,FALSE,FALSE
rnT9,FALSE,FALSE,FALSE
t2fS,FALSE,FALSE,FALSE
wWHq,FALSE,FALSE,FALSE
g7tN,FALSE,FALSE,FALSE
E4uE,TRUE,TRUE,TRUE
HUrO,FALSE,FALSE,FALSE
XPu8,FALSE,FALSE,FALSE
BaOt,FALSE,TRUE,TRUE
RA0h,FALSE,FALSE,FALSE
fKhV,FALSE,FALSE,FALSE
S2ZF,FALSE,FALSE,FALSE
4fcH,FALSE,TRUE,TRUE
bfS0,FALSE,FALSE,FALSE
ohhb,TRUE,FALSE,TRUE
5pPv,FALSE,FALSE,FALSE
llvs,FALSE,FALSE,FALSE
4Rdn,FALSE,FALSE,FALSE
nznP,TRUE,FALSE,TRUE
6wYX,FALSE,FALSE,FALSE
86mq,FALSE,FALSE,FALSE
HpoM,TRUE,FALSE,TRUE
CBS6,FALSE,FALSE,FALSE
01Ue,FALSE,FALSE,FALSE
gp76,FALSE,FALSE,FALSE
2Jqz,FALSE,FALSE,FALSE
SfE9,FALSE,FALSE,FALSE
yYok,FALSE,FALSE,FALSE
epgh,FALSE,FALSE,FALSE
EL8l,FALSE,FALSE,FALSE
ti06,TRUE,FALSE,TRUE
R7bA,FALSE,FALSE,FALSE
bZcx,FALSE,FALSE,FALSE
F7WU,FALSE,FALSE,FALSE
K9s0,FALSE,FALSE,FALSE
bRrb,FALSE,FALSE,FALSE
FQ7k,FALSE,FALSE,FALSE
5tRf,FALSE,FALSE,FALSE
OLBk,FALSE,FALSE,FALSE
LbNa,FALSE,FALSE,FALSE
ZH0R,FALSE,FALSE,FALSE
z5ip,FALSE,FALSE,FALSE
1bSO,FALSE,FALSE,FALSE
BbDN,FALSE,FALSE,FALSE
aZMQ,TRUE,FALSE,TRUE
sjg2,TRUE,FALSE,TRUE
9BeA,FALSE,FALSE,FALSE
voYO,FALSE,FALSE,FALSE
uisT,FALSE,FALSE,FALSE
iwvb,FALSE,FALSE,FALSE
iSa4,FALSE,FALSE,FALSE
C3IE,FALSE,FALSE,FALSE
Rr8c,FALSE,FALSE,FALSE
QnIN,FALSE,FALSE,FALSE
o3FR,FALSE,FALSE,FALSE
pMVB,FALSE,FALSE,FALSE
FLAC,FALSE,FALSE,FALSE
rhoY,FALSE,FALSE,FALSE
y2hx,FALSE,FALSE,FALSE
gZVE,FALSE,FALSE,FALSE
cZEc,FALSE,FALSE,FALSE
jLTl,FALSE,FALSE,FALSE
yyPi,TRUE,FALSE,TRUE
Rdo0,FALSE,FALSE,FALSE
auE5,FALSE,FALSE,FALSE
qwyN,FALSE,FALSE,FALSE
BFFE,FALSE,FALSE,FALSE
LVGw,FALSE,FALSE,FALSE
kftm,FALSE,FALSE,FALSE
uy5S,FALSE,FALSE,FALSE
AuvU,FALSE,FALSE,FALSE
hhPd,FALSE,FALSE,FALSE
zf2p,FALSE,FALSE,FALSE
sqOv,FALSE,TRUE,TRUE
KRm1,FALSE,FALSE,FALSE
ojEQ,FALSE,FALSE,FALSE
I42o,FALSE,FALSE,FALSE
dpDn,FALSE,FALSE,FALSE
Esg8,FALSE,FALSE,FALSE
vo8V,FALSE,FALSE,FALSE
vuaq,FALSE,FALSE,FALSE
IaEj,FALSE,FALSE,FALSE
9C1R,FALSE,FALSE,FALSE
TwIQ,FALSE,FALSE,FALSE
bMYA,FALSE,FALSE,FALSE
PsuA,FALSE,FALSE,FALSE
vj0N,FALSE,TRUE,TRUE
xfZR,FALSE,FALSE,FALSE
QKpm,FALSE,FALSE,FALSE
SkT8,FALSE,FALSE,FALSE
krgy,FALSE,TRUE,TRUE
kp19,TRUE,FALSE,TRUE
aFL8,FALSE,FALSE,FALSE
BUVn,FALSE,FALSE,FALSE
oh4J,FALSE,TRUE,TRUE
YuhW,FALSE,FALSE,FALSE
kqEE,FALSE,FALSE,FALSE
CIcR,FALSE,FALSE,FALSE
JQ5v,FALSE,FALSE,FALSE
7q4l,FALSE,FALSE,FALSE
AKGz,FALSE,FALSE,FALSE
YWln,TRUE,FALSE,TRUE
JZj6,FALSE,FALSE,FALSE
y5ww,FALSE,FALSE,FALSE
ef3Z,FALSE,FALSE,FALSE
QNUr,FALSE,FALSE,FALSE
FT2U,FALSE,FALSE,FALSE
cDl8,FALSE,FALSE,FALSE
7tA2,TRUE,FALSE,TRUE
RRcv,FALSE,FALSE,FALSE
v2dk,FALSE,FALSE,FALSE
kBji,FALSE,FALSE,FALSE
lzCh,FALSE,FALSE,FALSE
FBTH,FALSE,FALSE,FALSE
7Hmz,TRUE,FALSE,TRUE
qIp0,FALSE,FALSE,FALSE
2lei,FALSE,FALSE,FALSE
8ALf,FALSE,FALSE,FALSE
uGLW,FALSE,FALSE,FALSE
dxvy,FALSE,FALSE,FALSE
XGWF,FALSE,FALSE,FALSE
XZbU,TRUE,FALSE,TRUE
Ltt5,FALSE,FALSE,FALSE
yxie,TRUE,FALSE,TRUE
mbEo,FALSE,FALSE,FALSE
Ti69,FALSE,FALSE,FALSE
fwbM,FALSE,TRUE,TRUE
6HBY,FALSE,FALSE,FALSE
bO4i,FALSE,FALSE,FALSE
5EWU,FALSE,FALSE,FALSE
vgNk,FALSE,FALSE,FALSE
r09s,FALSE,FALSE,FALSE
NoBv,FALSE,FALSE,FALSE
UmpE,FALSE,FALSE,FALSE
H9fa,FALSE,FALSE,FALSE
7bGb,FALSE,FALSE,FALSE
OuIg,FALSE,FALSE,FALSE
vo7p,FALSE,FALSE,FALSE
mWwa,FALSE,FALSE,FALSE
N7zS,FALSE,FALSE,FALSE
z8Of,FALSE,FALSE,FALSE
t7JO,FALSE,FALSE,FALSE
ta1b,FALSE,FALSE,FALSE
kdvL,FALSE,FALSE,FALSE
iAx2,FALSE,FALSE,FALSE
hrF9,FALSE,TRUE,TRUE
obrU,FALSE,FALSE,FALSE
Wody,FALSE,FALSE,FALSE
rwcy,FALSE,FALSE,FALSE
VASV,FALSE,FALSE,FALSE
7gU8,TRUE,FALSE,TRUE
6Qdu,FALSE,FALSE,FALSE
H1dk,TRUE,TRUE,TRUE
0Fc4,FALSE,FALSE,FALSE
DaN5,FALSE,TRUE,TRUE
KfrU,FALSE,FALSE,FALSE
UNun,FALSE,FALSE,FALSE
J0sl,FALSE,FALSE,FALSE
oXmH,FALSE,FALSE,FALSE
8F8W,FALSE,FALSE,FALSE
Wffz,FALSE,FALSE,FALSE
pZXn,FALSE,FALSE,FALSE
O4R5,FALSE,FALSE,FALSE
OvGm,FALSE,FALSE,FALSE
hAvZ,FALSE,FALSE,FALSE
ikoV,FALSE,FALSE,FALSE
lxnv,FALSE,FALSE,FALSE
x6uG,FALSE,FALSE,FALSE
aTo7,FALSE,FALSE,FALSE
Opbm,FALSE,TRUE,TRUE
XxOL,FALSE,FALSE,FALSE
admg,FALSE,FALSE,FALSE
oASY,FALSE,FALSE,FALSE
lixo,FALSE,FALSE,FALSE
xd1z,FALSE,FALSE,FALSE
Zmyn,FALSE,FALSE,FALSE
ERry,FALSE,FALSE,FALSE
LKuG,FALSE,FALSE,FALSE
es4G,FALSE,FALSE,FALSE
6vZM,FALSE,FALSE,FALSE
22qi,FALSE,FALSE,FALSE
i3Zv,FALSE,FALSE,FALSE
PlcP,FALSE,,FALSE
MYLR,FALSE,FALSE,FALSE
38uU,FALSE,FALSE,FALSE
NzkV,FALSE,FALSE,FALSE
xXXJ,TRUE,FALSE,TRUE
UhDp,FALSE,FALSE,FALSE
Woa2,FALSE,TRUE,TRUE
J8J1,FALSE,FALSE,FALSE
G68Q,TRUE,FALSE,TRUE
YCKA,FALSE,FALSE,FALSE
eK5O,FALSE,FALSE,FALSE
cu4m,FALSE,FALSE,FALSE
1D4p,FALSE,TRUE,TRUE
iQp2,FALSE,FALSE,FALSE
EtKn,FALSE,FALSE,FALSE
ESZ4,FALSE,FALSE,FALSE
Trx6,FALSE,FALSE,FALSE
96Bp,FALSE,FALSE,FALSE
D1mu,FALSE,FALSE,FALSE
vfjf,FALSE,FALSE,FALSE
cqMP,TRUE,FALSE,TRUE
R022,FALSE,TRUE,TRUE
ZrHB,FALSE,FALSE,FALSE
0CQ9,FALSE,FALSE,FALSE
ul6U,FALSE,FALSE,FALSE
O61R,FALSE,FALSE,FALSE
tiHg,FALSE,FALSE,FALSE
sClB,FALSE,FALSE,FALSE
re8D,FALSE,TRUE,TRUE
6Fd7,FALSE,FALSE,FALSE
B24u,FALSE,FALSE,FALSE
7824,FALSE,FALSE,FALSE
Vbtn,FALSE,FALSE,FALSE
uumi,FALSE,FALSE,FALSE
q13O,FALSE,FALSE,FALSE
REIi,FALSE,FALSE,FALSE
PaWF,FALSE,FALSE,FALSE
0vra,FALSE,FALSE,FALSE
a4oX,FALSE,FALSE,FALSE
okLK,FALSE,FALSE,FALSE
89VD,FALSE,FALSE,FALSE
Pp1R,FALSE,FALSE,FALSE
PYwV,FALSE,TRUE,TRUE
mBYW,FALSE,FALSE,FALSE
p9D8,FALSE,FALSE,FALSE
ynEP,FALSE,FALSE,FALSE
a8ox,FALSE,FALSE,FALSE
Z8lc,FALSE,FALSE,FALSE
37jH,FALSE,FALSE,FALSE
fChR,FALSE,FALSE,FALSE
zeGh,FALSE,FALSE,FALSE
vyDs,FALSE,FALSE,FALSE
LjmV,TRUE,FALSE,TRUE
5sLi,FALSE,FALSE,FALSE
RPN2,FALSE,FALSE,FALSE
JsFm,FALSE,FALSE,FALSE
hWdv,FALSE,FALSE,FALSE
KQVF,FALSE,FALSE,FALSE
Oa7A,TRUE,TRUE,TRUE
VKjE,FALSE,FALSE,FALSE
PBE8,FALSE,FALSE,FALSE
3qxq,TRUE,FALSE,TRUE
ozXJ,FALSE,FALSE,FALSE
WpaW,FALSE,FALSE,FALSE
lXfb,FALSE,FALSE,FALSE
h55w,FALSE,FALSE,FALSE
0iuh,FALSE,FALSE,FALSE
Fiuf,FALSE,FALSE,FALSE
932x,TRUE,TRUE,TRUE
vnyi,FALSE,FALSE,FALSE
n1Pr,FALSE,FALSE,FALSE
yGRF,FALSE,FALSE,FALSE
fqY2,FALSE,FALSE,FALSE
x3l3,FALSE,FALSE,FALSE
jpA9,FALSE,FALSE,FALSE
NF1D,FALSE,FALSE,FALSE
ECbp,FALSE,FALSE,FALSE
ZHIf,FALSE,FALSE,FALSE
fVYp,FALSE,FALSE,FALSE
sjoc,FALSE,FALSE,FALSE
9IBZ,TRUE,TRUE,TRUE
gRpO,FALSE,FALSE,FALSE
9hB5,FALSE,FALSE,FALSE
E9rk,FALSE,FALSE,FALSE
kwjA,FALSE,FALSE,FALSE
JnfF,FALSE,FALSE,FALSE
zktc,FALSE,FALSE,FALSE
hGHB,TRUE,FALSE,TRUE
TiC9,TRUE,FALSE,TRUE
T6MV,TRUE,TRUE,TRUE
iERx,FALSE,FALSE,FALSE
lLTV,FALSE,FALSE,FALSE
dyhU,FALSE,FALSE,FALSE
liil,FALSE,TRUE,TRUE
ynho,TRUE,FALSE,TRUE
KhfW,FALSE,FALSE,FALSE
8ZGI,FALSE,FALSE,FALSE
I4gs,FALSE,FALSE,FALSE
zEM6,FALSE,FALSE,FALSE
w5ov,FALSE,FALSE,FALSE
NoAT,FALSE,FALSE,FALSE
swNK,FALSE,FALSE,FALSE
GjX5,TRUE,FALSE,TRUE
FQX0,FALSE,FALSE,FALSE
4Dgw,FALSE,FALSE,FALSE
rSKP,FALSE,FALSE,FALSE
1ft1,FALSE,FALSE,FALSE
ESs7,FALSE,FALSE,FALSE
8OjB,FALSE,FALSE,FALSE
Ohg6,TRUE,FALSE,TRUE
43gU,FALSE,FALSE,FALSE
Wi5O,FALSE,FALSE,FALSE
qsf3,FALSE,FALSE,FALSE
kzg4,FALSE,FALSE,FALSE
XXtG,FALSE,FALSE,FALSE
shvF,FALSE,FALSE,FALSE
8QVh,FALSE,FALSE,FALSE
vvpb,FALSE,FALSE,FALSE
H8FG,FALSE,FALSE,FALSE
2b1l,FALSE,FALSE,FALSE
NMOI,FALSE,FALSE,FALSE
8TVL,FALSE,FALSE,FALSE
jV52,FALSE,FALSE,FALSE
iGRZ,FALSE,FALSE,FALSE
5qUH,FALSE,FALSE,FALSE
nNnf,FALSE,FALSE,FALSE
Ox5N,FALSE,FALSE,FALSE
mdJN,FALSE,FALSE,FALSE
KL6Y,FALSE,TRUE,TRUE
MPU1,FALSE,FALSE,FALSE
1JYu,FALSE,FALSE,FALSE
3bzT,FALSE,FALSE,FALSE
FnnM,FALSE,FALSE,FALSE
sOBE,FALSE,FALSE,FALSE
N0kP,FALSE,FALSE,FALSE
42RA,FALSE,FALSE,FALSE
XTQD,FALSE,FALSE,FALSE
xDxb,FALSE,FALSE,FALSE
NL7v,FALSE,FALSE,FALSE
oS82,FALSE,FALSE,FALSE
wQC0,TRUE,FALSE,TRUE
r4Bz,FALSE,FALSE,FALSE
RBFU,FALSE,FALSE,FALSE
D7HR,FALSE,FALSE,FALSE
x5pn,FALSE,FALSE,FALSE
K1Cj,FALSE,FALSE,FALSE
N8Fj,FALSE,FALSE,FALSE
eae4,TRUE,FALSE,TRUE
svPw,FALSE,FALSE,FALSE
iikS,FALSE,FALSE,FALSE
fvYm,FALSE,FALSE,FALSE
sCh3,FALSE,FALSE,FALSE
nohC,FALSE,FALSE,FALSE
Lwpx,FALSE,TRUE,TRUE
BEtE,FALSE,FALSE,FALSE
M9Gw,FALSE,FALSE,FALSE
6L9Y,TRUE,FALSE,TRUE
dwcu,FALSE,FALSE,FALSE
QoBJ,FALSE,FALSE,FALSE
yLsX,FALSE,FALSE,FALSE
lpNT,FALSE,FALSE,FALSE
s0pN,FALSE,FALSE,FALSE
xbvc,FALSE,FALSE,FALSE
vpMH,FALSE,FALSE,FALSE
CkuO,FALSE,FALSE,FALSE
S0vR,FALSE,FALSE,FALSE
jiIG,FALSE,FALSE,FALSE
uV3Y,FALSE,FALSE,FALSE
mWsc,FALSE,FALSE,FALSE
up9t,FALSE,FALSE,FALSE
Lagp,FALSE,FALSE,FALSE
1BT1,FALSE,FALSE,FALSE
oqjp,FALSE,FALSE,FALSE
N323,FALSE,FALSE,FALSE
fyWK,FALSE,FALSE,FALSE
Hkdo,FALSE,FALSE,FALSE
Yapv,FALSE,FALSE,FALSE
o4ht,FALSE,FALSE,FALSE
omYd,FALSE,FALSE,FALSE
xP6r,TRUE,FALSE,TRUE
dLuZ,FALSE,FALSE,FALSE
OL5E,FALSE,FALSE,FALSE
wQRa,FALSE,FALSE,FALSE
4dnv,FALSE,FALSE,FALSE
vfhE,FALSE,FALSE,FALSE
pVmS,FALSE,TRUE,TRUE
zDvY,FALSE,FALSE,FALSE
nSlA,FALSE,FALSE,FALSE
zejG,FALSE,FALSE,FALSE
vVXJ,FALSE,FALSE,FALSE
qzl3,FALSE,FALSE,FALSE
EJJk,FALSE,FALSE,FALSE
xX8a,FALSE,FALSE,FALSE
I32V,FALSE,FALSE,FALSE
VXAd,FALSE,FALSE,FALSE
N5iZ,FALSE,FALSE,FALSE
R5xN,FALSE,TRUE,TRUE
vsp6,FALSE,FALSE,FALSE
upfJ,FALSE,FALSE,FALSE
azGq,FALSE,FALSE,FALSE
DfsT,FALSE,FALSE,FALSE
HCtN,FALSE,FALSE,FALSE
ThlA,FALSE,FALSE,FALSE
RtiE,FALSE,FALSE,FALSE
AC5o,TRUE,FALSE,TRUE
H9ew,FALSE,FALSE,FALSE
95bv,FALSE,FALSE,FALSE
VdGe,FALSE,FALSE,FALSE
Fmt7,FALSE,FALSE,FALSE
6ntC,FALSE,FALSE,FALSE
lvFf,FALSE,FALSE,FALSE
abyB,FALSE,FALSE,FALSE
qlDr,FALSE,FALSE,FALSE
s1dc,FALSE,FALSE,FALSE
ytCL,FALSE,TRUE,TRUE
1HQ9,FALSE,FALSE,FALSE
r1Do,FALSE,FALSE,FALSE
RPIa,FALSE,FALSE,FALSE
MOmV,FALSE,TRUE,TRUE
sFAm,FALSE,FALSE,FALSE
S2d8,FALSE,FALSE,FALSE
SpIk,FALSE,FALSE,FALSE
MWLk,FALSE,TRUE,TRUE
MiWp,FALSE,FALSE,FALSE
KgPM,FALSE,FALSE,FALSE
wIPg,FALSE,FALSE,FALSE
nDN4,FALSE,FALSE,FALSE
SUMD,TRUE,FALSE,TRUE
NODa,FALSE,FALSE,FALSE
4BbY,TRUE,FALSE,TRUE
tAub,FALSE,FALSE,FALSE
orDy,FALSE,FALSE,FALSE
yQfp,FALSE,FALSE,FALSE
bKt0,FALSE,FALSE,FALSE
XdDW,FALSE,FALSE,FALSE
WMgF,FALSE,FALSE,FALSE
CJlU,FALSE,TRUE,TRUE
ToeJ,TRUE,FALSE,TRUE
PsrL,FALSE,FALSE,FALSE
FRUR,FALSE,FALSE,FALSE
9sFJ,FALSE,TRUE,TRUE
Um5u,FALSE,FALSE,FALSE
6a42,FALSE,FALSE,FALSE
UHfr,FALSE,FALSE,FALSE
XCcO,TRUE,FALSE,TRUE
SKBZ,FALSE,FALSE,FALSE
pz7U,TRUE,FALSE,TRUE
RvpE,FALSE,FALSE,FALSE
m4LB,FALSE,FALSE,FALSE
0ciZ,FALSE,FALSE,FALSE
rpy7,FALSE,FALSE,FALSE
Umcq,FALSE,FALSE,FALSE
JTek,FALSE,FALSE,FALSE
KiPY,FALSE,FALSE,FALSE
r7Rc,FALSE,TRUE,TRUE
eUYz,FALSE,FALSE,FALSE
zoTV,FALSE,FALSE,FALSE
kSxM,FALSE,FALSE,FALSE
CZUu,FALSE,FALSE,FALSE
f09K,FALSE,FALSE,FALSE
Ogw8,FALSE,FALSE,FALSE
6VMp,FALSE,FALSE,FALSE
J3yr,FALSE,FALSE,FALSE
7voF,FALSE,FALSE,FALSE
4yTM,FALSE,FALSE,FALSE
J7Od,FALSE,FALSE,FALSE
AIFR,FALSE,FALSE,FALSE
5AAt,FALSE,FALSE,FALSE
iuDK,FALSE,FALSE,FALSE
w2A9,FALSE,FALSE,FALSE
HAfQ,FALSE,FALSE,FALSE
B78K,FALSE,FALSE,FALSE
Sa83,FALSE,FALSE,FALSE
KLKg,FALSE,TRUE,TRUE
SK1t,FALSE,FALSE,FALSE
BNP2,FALSE,FALSE,FALSE
abjf,FALSE,FALSE,FALSE
Pogn,FALSE,FALSE,FALSE
rX0x,FALSE,,FALSE
OMhC,FALSE,FALSE,FALSE
9QXg,FALSE,FALSE,FALSE
8w3H,FALSE,,FALSE
lYKF,FALSE,FALSE,FALSE
shgR,FALSE,FALSE,FALSE
09Fv,FALSE,FALSE,FALSE
tnbx,TRUE,FALSE,TRUE
lKHu,TRUE,FALSE,TRUE
Ta0v,FALSE,FALSE,FALSE
qxa3,FALSE,FALSE,FALSE
92tn,FALSE,FALSE,FALSE
wthk,FALSE,FALSE,FALSE
9iAi,FALSE,FALSE,FALSE
sfKI,FALSE,FALSE,FALSE
L4hw,FALSE,FALSE,FALSE
e3ar,FALSE,FALSE,FALSE
Ed7g,FALSE,FALSE,FALSE
OmBj,FALSE,FALSE,FALSE
YtnN,FALSE,FALSE,FALSE
6hvg,FALSE,FALSE,FALSE
8Jgb,FALSE,FALSE,FALSE
rqvy,FALSE,FALSE,FALSE
e7uS,TRUE,TRUE,TRUE
3Vt2,FALSE,FALSE,FALSE
kXbd,FALSE,TRUE,TRUE
fAyz,FALSE,FALSE,FALSE
yf6I,FALSE,FALSE,FALSE
qnMA,FALSE,FALSE,FALSE
PmlQ,FALSE,FALSE,FALSE
xiOa,FALSE,FALSE,FALSE
z2YS,FALSE,FALSE,FALSE
9WBc,FALSE,TRUE,TRUE
qVqx,FALSE,FALSE,FALSE
7leT,TRUE,FALSE,TRUE
Zgid,FALSE,TRUE,TRUE
QFGM,FALSE,FALSE,FALSE
uhXV,FALSE,FALSE,FALSE
UmAg,FALSE,FALSE,FALSE
wxh4,FALSE,FALSE,FALSE
NCJJ,FALSE,TRUE,TRUE
DtjO,FALSE,FALSE,FALSE
UCOy,FALSE,FALSE,FALSE
Oc0r,FALSE,FALSE,FALSE
FF4l,FALSE,FALSE,FALSE
LXGE,FALSE,FALSE,FALSE
6rX6,FALSE,FALSE,FALSE
bsZg,FALSE,TRUE,TRUE
UkVF,FALSE,FALSE,FALSE
VhbA,FALSE,FALSE,FALSE
MenQ,TRUE,FALSE,TRUE
7Rhh,FALSE,FALSE,FALSE
ISt5,FALSE,TRUE,TRUE
hfiR,FALSE,FALSE,FALSE
KAr7,FALSE,FALSE,FALSE
zghd,FALSE,FALSE,FALSE
9uBI,FALSE,FALSE,FALSE
m618,FALSE,FALSE,FALSE
tZee,FALSE,FALSE,FALSE
ZlvU,FALSE,FALSE,FALSE
PjT8,FALSE,FALSE,FALSE
znn2,FALSE,FALSE,FALSE
ejrT,FALSE,FALSE,FALSE
0dgY,FALSE,FALSE,FALSE
oD2k,FALSE,FALSE,FALSE
lekO,FALSE,FALSE,FALSE
cytH,FALSE,FALSE,FALSE
reFP,TRUE,FALSE,TRUE
RJwA,FALSE,FALSE,FALSE
Im2m,FALSE,FALSE,FALSE
Jbx0,FALSE,FALSE,FALSE
sLwy,FALSE,FALSE,FALSE
xdCH,FALSE,FALSE,FALSE
lLJI,FALSE,FALSE,FALSE
CwUg,TRUE,FALSE,TRUE
xZqj,FALSE,FALSE,FALSE
hbAU,FALSE,FALSE,FALSE
seC3,TRUE,FALSE,TRUE
5R02,FALSE,FALSE,FALSE
DwrQ,FALSE,FALSE,FALSE
TPCg,FALSE,FALSE,FALSE
8bIs,FALSE,FALSE,FALSE
Hw2f,FALSE,FALSE,FALSE
QU9v,FALSE,FALSE,FALSE
lCKv,FALSE,FALSE,FALSE
WN7A,FALSE,FALSE,FALSE
hxAm,FALSE,FALSE,FALSE
tXgu,FALSE,TRUE,TRUE
mR1b,FALSE,FALSE,FALSE
Bucp,FALSE,FALSE,FALSE
J4lZ,FALSE,FALSE,FALSE
ZaBU,FALSE,FALSE,FALSE
5hao,FALSE,FALSE,FALSE
KFke,FALSE,FALSE,FALSE
tgFj,FALSE,FALSE,FALSE
WRlW,FALSE,FALSE,FALSE
gVn1,FALSE,FALSE,FALSE
F0Al,TRUE,FALSE,TRUE
v9Vg,FALSE,FALSE,FALSE
NT6I,FALSE,FALSE,FALSE
0PN3,FALSE,FALSE,FALSE
ccN9,FALSE,FALSE,FALSE
6BlZ,FALSE,FALSE,FALSE
bKFK,FALSE,FALSE,FALSE
rQrC,FALSE,FALSE,FALSE
b5RM,FALSE,FALSE,FALSE
aGYS,FALSE,FALSE,FALSE
LA3H,FALSE,FALSE,FALSE
c4Wb,FALSE,FALSE,FALSE
w50j,FALSE,FALSE,FALSE
dHp8,FALSE,TRUE,TRUE
bckF,FALSE,TRUE,TRUE
TXFO,FALSE,FALSE,FALSE
yrFE,FALSE,FALSE,FALSE
0NPn,FALSE,FALSE,FALSE
kQul,FALSE,TRUE,TRUE
6HX2,FALSE,FALSE,FALSE
nUbc,FALSE,FALSE,FALSE
Tc5O,FALSE,FALSE,FALSE
keRN,FALSE,FALSE,FALSE
IDKW,FALSE,FALSE,FALSE
Fiyu,FALSE,FALSE,FALSE
Sqwz,FALSE,FALSE,FALSE
dSkn,TRUE,FALSE,TRUE
ptDg,FALSE,FALSE,FALSE
UsLd,FALSE,FALSE,FALSE
Ikgo,FALSE,FALSE,FALSE
PYAk,FALSE,FALSE,FALSE
yyZD,FALSE,FALSE,FALSE
5hcn,FALSE,FALSE,FALSE
XiVY,FALSE,FALSE,FALSE
YevC,TRUE,FALSE,TRUE
Eixt,FALSE,FALSE,FALSE
D9vW,FALSE,FALSE,FALSE
Nw7E,FALSE,FALSE,FALSE
78nj,FALSE,FALSE,FALSE
GnlP,FALSE,FALSE,FALSE
XcCM,TRUE,TRUE,TRUE
TDek,FALSE,FALSE,FALSE
dtVv,FALSE,FALSE,FALSE
7XW5,FALSE,FALSE,FALSE
XBh6,FALSE,FALSE,FALSE
EjKF,FALSE,FALSE,FALSE
HeKM,FALSE,FALSE,FALSE
rctC,FALSE,FALSE,FALSE
Zpx6,FALSE,FALSE,FALSE
Fwyj,FALSE,FALSE,FALSE
10ix,FALSE,FALSE,FALSE
E9W6,FALSE,FALSE,FALSE
5v1d,FALSE,FALSE,FALSE
BsG7,FALSE,FALSE,FALSE
5agm,FALSE,FALSE,FALSE
dfD3,FALSE,FALSE,FALSE
BeBr,FALSE,FALSE,FALSE
2gQz,FALSE,FALSE,FALSE
FFQI,FALSE,FALSE,FALSE
UoaE,FALSE,FALSE,FALSE
nAr6,FALSE,FALSE,FALSE
gnJS,FALSE,FALSE,FALSE
5KGJ,FALSE,FALSE,FALSE
2C35,FALSE,FALSE,FALSE
CANJ,FALSE,FALSE,FALSE
lYpK,FALSE,FALSE,FALSE
4k98,FALSE,FALSE,FALSE
tfKL,FALSE,FALSE,FALSE
VaWb,FALSE,FALSE,FALSE
qv9P,FALSE,FALSE,FALSE
4wGl,FALSE,FALSE,FALSE
JIft,FALSE,FALSE,FALSE
UJwB,FALSE,FALSE,FALSE
ZanQ,FALSE,TRUE,TRUE
TVlr,FALSE,FALSE,FALSE
Pvni,TRUE,FALSE,TRUE
0sV6,FALSE,FALSE,FALSE
x3Jd,FALSE,FALSE,FALSE
F3ue,FALSE,FALSE,FALSE
pTcS,FALSE,FALSE,FALSE
Vf2L,FALSE,FALSE,FALSE
OPnJ,FALSE,,FALSE
WXXv,FALSE,FALSE,FALSE
AXsB,FALSE,FALSE,FALSE
btjK,FALSE,TRUE,TRUE
xrWd,FALSE,FALSE,FALSE
tjYA,FALSE,FALSE,FALSE
n2Vs,FALSE,,FALSE
cuIW,TRUE,FALSE,TRUE
opTS,FALSE,FALSE,FALSE
w9sy,FALSE,FALSE,FALSE
0ptV,FALSE,FALSE,FALSE
VIYg,FALSE,FALSE,FALSE
Ynur,FALSE,FALSE,FALSE
BEhb,FALSE,FALSE,FALSE
Bw3M,FALSE,FALSE,FALSE
5wGN,FALSE,FALSE,FALSE
EdHt,FALSE,FALSE,FALSE
xxqH,FALSE,FALSE,FALSE
sATc,FALSE,TRUE,TRUE
ANYS,FALSE,FALSE,FALSE
RDnt,FALSE,FALSE,FALSE
JEov,FALSE,FALSE,FALSE
GhtG,FALSE,FALSE,FALSE
x0qa,FALSE,FALSE,FALSE
0t6m,FALSE,FALSE,FALSE
L4OS,FALSE,FALSE,FALSE
qUTh,FALSE,FALSE,FALSE
qYDE,FALSE,TRUE,TRUE
0xY4,FALSE,FALSE,FALSE
fjTN,FALSE,FALSE,FALSE
NWMC,FALSE,FALSE,FALSE
V9Rt,FALSE,FALSE,FALSE
mURN,FALSE,FALSE,FALSE
ZuAO,FALSE,FALSE,FALSE
tY5g,FALSE,FALSE,FALSE
S9VX,FALSE,FALSE,FALSE
fXqB,FALSE,FALSE,FALSE
pNWY,FALSE,TRUE,TRUE
ZcAc,FALSE,FALSE,FALSE
Q5GS,FALSE,FALSE,FALSE
rYVW,FALSE,FALSE,FALSE
zs3q,FALSE,FALSE,FALSE
mBDP,FALSE,FALSE,FALSE
ijlq,FALSE,FALSE,FALSE
a2Xn,FALSE,FALSE,FALSE
k7EI,FALSE,FALSE,FALSE
skuq,FALSE,FALSE,FALSE
fbJ9,FALSE,FALSE,FALSE
qxt1,FALSE,TRUE,TRUE
wip8,FALSE,FALSE,FALSE
EpSy,FALSE,FALSE,FALSE
0WCa,FALSE,FALSE,FALSE
bgMG,FALSE,,FALSE
la5n,FALSE,FALSE,FALSE
yD2x,FALSE,FALSE,FALSE
MmGV,FALSE,FALSE,FALSE
eCq1,FALSE,FALSE,FALSE
TS5S,FALSE,FALSE,FALSE
MPLg,FALSE,FALSE,FALSE
UXbF,TRUE,FALSE,TRUE
KdFb,FALSE,FALSE,FALSE
gQ3s,FALSE,FALSE,FALSE
Uqfx,FALSE,TRUE,TRUE
eHvj,FALSE,FALSE,FALSE
2kxR,FALSE,FALSE,FALSE
dnTd,FALSE,FALSE,FALSE
VGu6,FALSE,FALSE,FALSE
15wA,FALSE,FALSE,FALSE
fDg6,FALSE,FALSE,FALSE
qXA8,FALSE,FALSE,FALSE
i3cJ,TRUE,FALSE,TRUE
NCtk,FALSE,FALSE,FALSE
MJ1K,FALSE,FALSE,FALSE
ur64,FALSE,FALSE,FALSE
7JAV,FALSE,FALSE,FALSE
jU49,FALSE,FALSE,FALSE
cYRv,FALSE,FALSE,FALSE
vvxp,FALSE,FALSE,FALSE
LCf1,TRUE,FALSE,TRUE
V8Tn,FALSE,FALSE,FALSE
br4B,FALSE,FALSE,FALSE
hwgY,FALSE,FALSE,FALSE
wXw8,FALSE,TRUE,TRUE
vlzO,FALSE,FALSE,FALSE
86wI,FALSE,FALSE,FALSE
eKCj,FALSE,FALSE,FALSE
svRi,FALSE,FALSE,FALSE
1Obg,TRUE,FALSE,TRUE
tEMT,FALSE,FALSE,FALSE
og2j,FALSE,FALSE,FALSE
aNqC,FALSE,FALSE,FALSE
XpvY,FALSE,FALSE,FALSE
CCE5,FALSE,FALSE,FALSE
CVZL,FALSE,TRUE,TRUE
wzpk,TRUE,FALSE,TRUE
rprf,FALSE,FALSE,FALSE
Y0ut,FALSE,FALSE,FALSE
HPqx,FALSE,FALSE,FALSE
eCw6,FALSE,FALSE,FALSE
8H6w,FALSE,FALSE,FALSE
IKUk,FALSE,FALSE,FALSE
kjtu,FALSE,FALSE,FALSE
fdF2,FALSE,FALSE,FALSE
1RYr,FALSE,FALSE,FALSE
sLkv,FALSE,FALSE,FALSE
akNh,FALSE,FALSE,FALSE
nypC,FALSE,FALSE,FALSE
910F,FALSE,FALSE,FALSE
6v3L,FALSE,FALSE,FALSE
SuZz,FALSE,FALSE,FALSE
QgKE,FALSE,FALSE,FALSE
4EYM,FALSE,FALSE,FALSE
AESG,FALSE,FALSE,FALSE
grdC,FALSE,FALSE,FALSE
d1Zr,FALSE,FALSE,FALSE
h6sK,FALSE,FALSE,FALSE
G9Al,FALSE,FALSE,FALSE
FM2i,FALSE,FALSE,FALSE
XrFL,FALSE,FALSE,FALSE
yd0H,FALSE,TRUE,TRUE
Yvl4,FALSE,FALSE,FALSE
I35B,TRUE,FALSE,TRUE
sTe7,FALSE,FALSE,FALSE
UUDz,TRUE,FALSE,TRUE
S7aA,FALSE,FALSE,FALSE
Gel6,FALSE,FALSE,FALSE
8NCP,FALSE,FALSE,FALSE
Yz2K,FALSE,FALSE,FALSE
cQcS,FALSE,FALSE,FALSE
Fffd,FALSE,FALSE,FALSE
MEw0,FALSE,FALSE,FALSE
DoK4,TRUE,FALSE,TRUE
9fTh,FALSE,FALSE,FALSE
YDZj,FALSE,FALSE,FALSE
su9Y,FALSE,FALSE,FALSE
cFFa,FALSE,FALSE,FALSE
A678,FALSE,FALSE,FALSE
4FLd,FALSE,TRUE,TRUE
rIz6,FALSE,FALSE,FALSE
pH6S,FALSE,FALSE,FALSE
m6C4,FALSE,FALSE,FALSE
anEx,FALSE,FALSE,FALSE
qWhI,FALSE,FALSE,FALSE
9aRi,FALSE,FALSE,FALSE
UsyF,FALSE,FALSE,FALSE
aVRS,FALSE,FALSE,FALSE
Dgri,FALSE,FALSE,FALSE
z498,FALSE,FALSE,FALSE
Wq37,FALSE,FALSE,FALSE
Qvab,TRUE,TRUE,TRUE
kPuN,FALSE,FALSE,FALSE
Whet,FALSE,FALSE,FALSE
VYkd,FALSE,FALSE,FALSE
ejaE,TRUE,FALSE,TRUE
5JCp,FALSE,FALSE,FALSE
mNrs,FALSE,FALSE,FALSE
uAWH,FALSE,FALSE,FALSE
GmUU,FALSE,FALSE,FALSE
eiRW,FALSE,FALSE,FALSE
Ad5x,FALSE,FALSE,FALSE
wRKD,FALSE,FALSE,FALSE
cNjK,FALSE,FALSE,FALSE
YeIt,TRUE,FALSE,TRUE
ypmR,FALSE,FALSE,FALSE
3V68,FALSE,FALSE,FALSE
vZti,FALSE,FALSE,FALSE
SWgI,FALSE,FALSE,FALSE
Vbm1,FALSE,FALSE,FALSE
Wqaz,FALSE,FALSE,FALSE
k8VY,FALSE,FALSE,FALSE
iuRS,FALSE,FALSE,FALSE
Cft1,FALSE,FALSE,FALSE
MkLR,FALSE,FALSE,FALSE
eF5E,FALSE,FALSE,FALSE
sYU3,FALSE,FALSE,FALSE
C6Zj,FALSE,FALSE,FALSE
vbTy,FALSE,FALSE,FALSE
BVS1,FALSE,TRUE,TRUE
vE7j,FALSE,FALSE,FALSE
Pf1r,TRUE,FALSE,TRUE
PrqB,FALSE,FALSE,FALSE
6IQQ,FALSE,FALSE,FALSE
Afrs,FALSE,FALSE,FALSE
HtBa,FALSE,FALSE,FALSE
pyzH,FALSE,,FALSE
MrWk,FALSE,FALSE,FALSE
UqEp,FALSE,TRUE,TRUE
ehcz,FALSE,FALSE,FALSE
YtD6,FALSE,FALSE,FALSE
dfZi,FALSE,FALSE,FALSE
WLEG,FALSE,FALSE,FALSE
n25p,FALSE,FALSE,FALSE
nDDR,FALSE,FALSE,FALSE
28CJ,FALSE,FALSE,FALSE
J1jB,FALSE,FALSE,FALSE
a0aT,FALSE,FALSE,FALSE
MGCz,FALSE,FALSE,FALSE
5kcU,FALSE,FALSE,FALSE
ehqv,FALSE,FALSE,FALSE
4ZqS,FALSE,FALSE,FALSE
MGZM,FALSE,TRUE,TRUE
EiRE,FALSE,FALSE,FALSE
glAf,TRUE,FALSE,TRUE
Po3Q,FALSE,FALSE,FALSE
2dM4,FALSE,FALSE,FALSE
rF6d,FALSE,FALSE,FALSE
0sKm,FALSE,TRUE,TRUE
sJbR,FALSE,FALSE,FALSE
OJb4,FALSE,FALSE,FALSE
GqaT,TRUE,FALSE,TRUE
IshA,FALSE,FALSE,FALSE
xPqr,FALSE,FALSE,FALSE
bEzL,TRUE,FALSE,TRUE
51r5,FALSE,FALSE,FALSE
sUHo,FALSE,TRUE,TRUE
Kc8b,TRUE,FALSE,TRUE
JCko,FALSE,FALSE,FALSE
pjyC,FALSE,FALSE,FALSE
4SVB,FALSE,FALSE,FALSE
xiwG,FALSE,FALSE,FALSE
WwXZ,FALSE,FALSE,FALSE
clPt,FALSE,FALSE,FALSE
KWzb,FALSE,FALSE,FALSE
x10z,FALSE,FALSE,FALSE
Hy98,FALSE,FALSE,FALSE
5XxZ,FALSE,FALSE,FALSE
WoI7,FALSE,FALSE,FALSE
safW,FALSE,FALSE,FALSE
8q4u,FALSE,TRUE,TRUE
vQJs,FALSE,FALSE,FALSE
V6WC,FALSE,FALSE,FALSE
VnwQ,FALSE,FALSE,FALSE
HSoR,FALSE,FALSE,FALSE
kvem,FALSE,TRUE,TRUE
451J,FALSE,FALSE,FALSE
oOkR,FALSE,FALSE,FALSE
B7vw,FALSE,FALSE,FALSE
ARqM,FALSE,FALSE,FALSE
ZKNk,FALSE,FALSE,FALSE
2QHq,FALSE,TRUE,TRUE
QiRw,FALSE,FALSE,FALSE
k2Zx,FALSE,FALSE,FALSE
VVVr,FALSE,FALSE,FALSE
ZoBN,FALSE,,FALSE
GEar,TRUE,FALSE,TRUE
oCQu,FALSE,FALSE,FALSE
4N3w,FALSE,FALSE,FALSE
EruH,FALSE,FALSE,FALSE
53mU,FALSE,FALSE,FALSE
Z6fd,TRUE,FALSE,TRUE
EHiP,FALSE,FALSE,FALSE
MPVA,FALSE,FALSE,FALSE
gkkx,FALSE,FALSE,FALSE
u6Qd,FALSE,FALSE,FALSE
47wv,TRUE,FALSE,TRUE
BZjl,FALSE,FALSE,FALSE
9keU,TRUE,FALSE,TRUE
FuI8,FALSE,FALSE,FALSE
Ok4H,FALSE,FALSE,FALSE
5GpC,FALSE,FALSE,FALSE
0EXP,FALSE,FALSE,FALSE
qACp,FALSE,FALSE,FALSE
0vTC,FALSE,FALSE,FALSE
J9l1,FALSE,FALSE,FALSE
dKA6,FALSE,FALSE,FALSE
2AGI,FALSE,FALSE,FALSE
d7Io,FALSE,FALSE,FALSE
gK1W,FALSE,FALSE,FALSE
FQHT,FALSE,FALSE,FALSE
DoFY,FALSE,FALSE,FALSE
JrU9,FALSE,FALSE,FALSE
CWpj,FALSE,FALSE,FALSE
vkyp,FALSE,FALSE,FALSE
aBmg,FALSE,FALSE,FALSE
QB3t,FALSE,FALSE,FALSE
xs3U,FALSE,FALSE,FALSE
ZwEG,FALSE,FALSE,FALSE
HHqp,FALSE,FALSE,FALSE
0x4K,FALSE,FALSE,FALSE
RkMZ,FALSE,FALSE,FALSE
jjVm,FALSE,FALSE,FALSE
JPRS,FALSE,FALSE,FALSE
dh6i,FALSE,FALSE,FALSE
UbLp,FALSE,FALSE,FALSE
OqXw,FALSE,FALSE,FALSE
YTtW,FALSE,FALSE,FALSE
0zed,FALSE,FALSE,FALSE
ymjp,FALSE,FALSE,FALSE
DCX0,FALSE,FALSE,FALSE
SBDK,FALSE,FALSE,FALSE
Wjlo,TRUE,FALSE,TRUE
Uf38,FALSE,TRUE,TRUE
6dkm,FALSE,FALSE,FALSE
Vmqg,FALSE,FALSE,FALSE
W2Cl,TRUE,FALSE,TRUE
0dRr,FALSE,FALSE,FALSE
tgu2,FALSE,FALSE,FALSE
o754,FALSE,FALSE,FALSE
JxRt,TRUE,FALSE,TRUE
zDCX,FALSE,FALSE,FALSE
EkMt,FALSE,FALSE,FALSE
9Yyr,FALSE,FALSE,FALSE
Sxpm,FALSE,FALSE,FALSE
lExp,FALSE,FALSE,FALSE
p0M1,FALSE,FALSE,FALSE
Jews,TRUE,FALSE,TRUE
ldwY,FALSE,TRUE,TRUE
w0IY,FALSE,FALSE,FALSE
xxHL,FALSE,FALSE,FALSE
bXXH,FALSE,FALSE,FALSE
yBvo,FALSE,TRUE,TRUE
9WOf,FALSE,FALSE,FALSE
7P2O,FALSE,FALSE,FALSE
vDfF,FALSE,FALSE,FALSE
004n,FALSE,FALSE,FALSE
udhl,FALSE,FALSE,FALSE
I2DK,FALSE,FALSE,FALSE
5YBR,FALSE,FALSE,FALSE
LNzf,FALSE,FALSE,FALSE
oK1N,FALSE,FALSE,FALSE
Fcuc,FALSE,FALSE,FALSE
k4jI,FALSE,FALSE,FALSE
BBCy,FALSE,FALSE,FALSE
MvwT,TRUE,FALSE,TRUE
Q2E3,FALSE,FALSE,FALSE
fz43,FALSE,FALSE,FALSE
ILcC,FALSE,FALSE,FALSE
Elm9,FALSE,FALSE,FALSE
ZgOO,FALSE,,FALSE
vFHP,FALSE,FALSE,FALSE
fbhS,FALSE,FALSE,FALSE
tGg8,FALSE,FALSE,FALSE
KxFz,FALSE,FALSE,FALSE
hMN3,FALSE,TRUE,TRUE
urcl,FALSE,FALSE,FALSE
GWoM,FALSE,FALSE,FALSE
0yaw,FALSE,FALSE,FALSE
WvuI,FALSE,FALSE,FALSE
whDS,FALSE,FALSE,FALSE
D0wh,TRUE,FALSE,TRUE
PPwv,FALSE,FALSE,FALSE
CT05,FALSE,TRUE,TRUE
v6db,FALSE,FALSE,FALSE
24IK,FALSE,FALSE,FALSE
7nT1,FALSE,TRUE,TRUE
tpGB,FALSE,FALSE,FALSE
raSB,FALSE,FALSE,FALSE
bwmB,FALSE,FALSE,FALSE
4sJF,FALSE,FALSE,FALSE
yocQ,FALSE,FALSE,FALSE
C7pR,FALSE,FALSE,FALSE
UuAB,FALSE,FALSE,FALSE
uA7b,FALSE,FALSE,FALSE
poPS,FALSE,TRUE,TRUE
bxMu,FALSE,FALSE,FALSE
VhSO,FALSE,FALSE,FALSE
dxyC,FALSE,FALSE,FALSE
NmYx,FALSE,FALSE,FALSE
x9yU,FALSE,FALSE,FALSE
zuZA,FALSE,FALSE,FALSE
MEOS,FALSE,FALSE,FALSE
UMd6,FALSE,FALSE,FALSE
HFMw,FALSE,FALSE,FALSE
pY2Y,FALSE,FALSE,FALSE
t4S1,FALSE,FALSE,FALSE
CS25,FALSE,FALSE,FALSE
Q10I,FALSE,FALSE,FALSE
xuZz,FALSE,FALSE,FALSE
Ehfm,FALSE,FALSE,FALSE
ky4B,TRUE,FALSE,TRUE
vHQx,FALSE,FALSE,FALSE
JJwU,FALSE,FALSE,FALSE
pVt7,FALSE,FALSE,FALSE
m2v6,FALSE,FALSE,FALSE
YQ49,FALSE,FALSE,FALSE
IwdD,FALSE,TRUE,TRUE
Y5YB,FALSE,FALSE,FALSE
kngp,FALSE,FALSE,FALSE
WgM2,FALSE,FALSE,FALSE
o0nS,FALSE,FALSE,FALSE
ZDyW,FALSE,FALSE,FALSE
NzXB,TRUE,FALSE,TRUE
9TsG,FALSE,FALSE,FALSE
AMT7,FALSE,FALSE,FALSE
CIfH,FALSE,FALSE,FALSE
sAHa,FALSE,FALSE,FALSE
WiJE,FALSE,FALSE,FALSE
Zxqt,FALSE,FALSE,FALSE
zQLS,FALSE,TRUE,TRUE
8cPW,FALSE,FALSE,FALSE
b4zI,FALSE,FALSE,FALSE
Yi7x,TRUE,FALSE,TRUE
YbaP,FALSE,FALSE,FALSE
taes,TRUE,FALSE,TRUE
RHWL,FALSE,FALSE,FALSE
2Xzj,FALSE,FALSE,FALSE
cPbc,FALSE,FALSE,FALSE
gIIG,FALSE,FALSE,FALSE
EV51,FALSE,FALSE,FALSE
Ov9k,FALSE,FALSE,FALSE
sY8r,FALSE,FALSE,FALSE
LlFC,FALSE,FALSE,FALSE
JOrq,FALSE,FALSE,FALSE
hfx0,FALSE,TRUE,TRUE
EjJi,TRUE,FALSE,TRUE
n6sE,FALSE,FALSE,FALSE
rYfs,FALSE,FALSE,FALSE
MX5T,FALSE,FALSE,FALSE
PRr1,FALSE,FALSE,FALSE
7rPz,FALSE,FALSE,FALSE
T6VK,FALSE,FALSE,FALSE
1ufN,FALSE,FALSE,FALSE
v5hM,FALSE,FALSE,FALSE
eKu1,FALSE,FALSE,FALSE
xC4m,FALSE,FALSE,FALSE
t6Ob,FALSE,FALSE,FALSE
tmcG,TRUE,FALSE,TRUE
vmf4,FALSE,FALSE,FALSE
sVlp,FALSE,FALSE,FALSE
FDkb,FALSE,FALSE,FALSE
s6bX,FALSE,FALSE,FALSE
4ZOe,FALSE,FALSE,FALSE
heQC,FALSE,FALSE,FALSE
7Q4A,FALSE,FALSE,FALSE
pp1R,FALSE,FALSE,FALSE
QrZU,FALSE,FALSE,FALSE
cSXa,FALSE,FALSE,FALSE
Rj3S,FALSE,TRUE,TRUE
6c2D,FALSE,FALSE,FALSE
Ct1X,FALSE,TRUE,TRUE
6HCm,FALSE,FALSE,FALSE
BBJ0,TRUE,FALSE,TRUE
XfHN,FALSE,FALSE,FALSE
ZIg2,FALSE,FALSE,FALSE
iwQi,FALSE,FALSE,FALSE
BXA9,FALSE,FALSE,FALSE
3Ifr,FALSE,TRUE,TRUE
69EH,FALSE,FALSE,FALSE
UK72,FALSE,TRUE,TRUE
VYag,FALSE,FALSE,FALSE
fqHH,FALSE,FALSE,FALSE
yr71,FALSE,FALSE,FALSE
Elzl,FALSE,FALSE,FALSE
Gkn6,FALSE,FALSE,FALSE
RhT8,FALSE,TRUE,TRUE
kU21,FALSE,FALSE,FALSE
ZNIE,FALSE,FALSE,FALSE
bGJs,FALSE,FALSE,FALSE
7S17,TRUE,FALSE,TRUE
hYlR,FALSE,FALSE,FALSE
Iwun,FALSE,FALSE,FALSE
VH4Q,TRUE,FALSE,TRUE
05NI,FALSE,FALSE,FALSE
eOl5,FALSE,FALSE,FALSE
7fWr,FALSE,FALSE,FALSE
zJAI,FALSE,FALSE,FALSE
4CGT,FALSE,FALSE,FALSE
rnWh,FALSE,FALSE,FALSE
Ffy9,FALSE,FALSE,FALSE
lqCU,FALSE,FALSE,FALSE
CrvW,FALSE,TRUE,TRUE
UC68,FALSE,FALSE,FALSE
oHvl,TRUE,FALSE,TRUE
GgWW,FALSE,TRUE,TRUE
8Tdo,FALSE,FALSE,FALSE
OBU8,FALSE,FALSE,FALSE
HTkt,FALSE,FALSE,FALSE
YxoQ,FALSE,FALSE,FALSE
nkYc,FALSE,FALSE,FALSE
FIEH,FALSE,FALSE,FALSE
6z64,FALSE,TRUE,TRUE
5Jwj,FALSE,FALSE,FALSE
dQd8,FALSE,FALSE,FALSE
N6PS,FALSE,TRUE,TRUE
uvIL,FALSE,FALSE,FALSE
eUAm,FALSE,FALSE,FALSE
Unm2,FALSE,FALSE,FALSE
Orc6,TRUE,FALSE,TRUE
RkS8,FALSE,FALSE,FALSE
BkPh,FALSE,FALSE,FALSE
R71Z,FALSE,FALSE,FALSE
JTPc,TRUE,FALSE,TRUE
BMwq,TRUE,FALSE,TRUE
mNap,FALSE,FALSE,FALSE
9J4m,FALSE,FALSE,FALSE
lQ59,FALSE,FALSE,FALSE
Muso,FALSE,FALSE,FALSE
U52x,TRUE,FALSE,TRUE
JHDy,FALSE,TRUE,TRUE
yEYy,FALSE,FALSE,FALSE
mjJP,FALSE,FALSE,FALSE
5Srk,FALSE,FALSE,FALSE
SJHY,FALSE,FALSE,FALSE
j73E,FALSE,FALSE,FALSE
eOVN,FALSE,FALSE,FALSE
d2ii,FALSE,FALSE,FALSE
39BV,FALSE,FALSE,FALSE
DcZa,FALSE,FALSE,FALSE
9XJA,TRUE,FALSE,TRUE
sDmw,FALSE,FALSE,FALSE
sMd4,FALSE,FALSE,FALSE
Zbek,FALSE,FALSE,FALSE
Kp5b,FALSE,FALSE,FALSE
PGMB,FALSE,FALSE,FALSE
HfqA,FALSE,TRUE,TRUE
RLTK,FALSE,FALSE,FALSE
JoDk,FALSE,FALSE,FALSE
hMb2,FALSE,FALSE,FALSE
qqJ4,FALSE,FALSE,FALSE
Z0bP,FALSE,FALSE,FALSE
LSpE,FALSE,FALSE,FALSE
8IIx,FALSE,FALSE,FALSE
VPzN,TRUE,FALSE,TRUE
Jfqn,FALSE,FALSE,FALSE
PWqW,TRUE,FALSE,TRUE
NwyP,TRUE,FALSE,TRUE
PqU2,FALSE,FALSE,FALSE
tQ7h,TRUE,FALSE,TRUE
H4v4,FALSE,FALSE,FALSE
vZXq,FALSE,FALSE,FALSE
dH2q,FALSE,FALSE,FALSE
unCL,FALSE,FALSE,FALSE
Wo1T,FALSE,FALSE,FALSE
yqJm,FALSE,FALSE,FALSE
DFVo,FALSE,FALSE,FALSE
5FoE,FALSE,FALSE,FALSE
SICl,FALSE,FALSE,FALSE
8AwM,FALSE,FALSE,FALSE
DY9z,FALSE,FALSE,FALSE
8VbE,FALSE,FALSE,FALSE
quWW,FALSE,FALSE,FALSE
8VpK,FALSE,FALSE,FALSE
wInv,FALSE,TRUE,TRUE
fQzo,FALSE,FALSE,FALSE
phXF,FALSE,FALSE,FALSE
TctZ,FALSE,FALSE,FALSE
ZNCk,FALSE,FALSE,FALSE
rcuz,FALSE,FALSE,FALSE
iXbu,FALSE,FALSE,FALSE
g5kd,FALSE,FALSE,FALSE
lIKL,FALSE,FALSE,FALSE
bpd7,FALSE,FALSE,FALSE
hWrM,FALSE,FALSE,FALSE
7Re5,FALSE,FALSE,FALSE
X3fZ,FALSE,FALSE,FALSE
I5vO,FALSE,FALSE,FALSE
QNnq,FALSE,FALSE,FALSE
wP7u,FALSE,FALSE,FALSE
vwjz,FALSE,FALSE,FALSE
q8SX,FALSE,FALSE,FALSE
Qttp,FALSE,FALSE,FALSE
8M7w,TRUE,FALSE,TRUE
Vf7T,FALSE,FALSE,FALSE
kQWc,FALSE,FALSE,FALSE
RxHW,FALSE,FALSE,FALSE
bMsk,FALSE,FALSE,FALSE
JaUf,FALSE,FALSE,FALSE
eeKt,FALSE,FALSE,FALSE
ORvy,FALSE,FALSE,FALSE
Fi47,FALSE,FALSE,FALSE
lzGA,FALSE,TRUE,TRUE
ICR9,FALSE,FALSE,FALSE
x4eY,FALSE,FALSE,FALSE
6TqC,FALSE,FALSE,FALSE
zAQ2,FALSE,FALSE,FALSE
ughm,FALSE,FALSE,FALSE
iWaN,FALSE,FALSE,FALSE
JDZU,FALSE,FALSE,FALSE
H6mr,FALSE,FALSE,FALSE
NCkS,FALSE,FALSE,FALSE
gUGa,FALSE,FALSE,FALSE
hwBE,FALSE,FALSE,FALSE
6yKn,FALSE,FALSE,FALSE
y8yD,TRUE,FALSE,TRUE
6kLL,TRUE,FALSE,TRUE
gycG,FALSE,FALSE,FALSE
Jt1q,FALSE,FALSE,FALSE
nQqA,FALSE,FALSE,FALSE
QzRu,FALSE,FALSE,FALSE
6U8U,FALSE,FALSE,FALSE
Xw59,FALSE,FALSE,FALSE
uUjA,FALSE,FALSE,FALSE
uLAc,FALSE,FALSE,FALSE
hijg,FALSE,FALSE,FALSE
G5SJ,TRUE,FALSE,TRUE
WjgE,TRUE,FALSE,TRUE
pG2u,FALSE,FALSE,FALSE
Bfdf,FALSE,FALSE,FALSE
mudy,FALSE,FALSE,FALSE
Qtxv,FALSE,FALSE,FALSE
AHrM,TRUE,FALSE,TRUE
vFqu,FALSE,FALSE,FALSE
svx7,FALSE,FALSE,FALSE
tzHH,FALSE,FALSE,FALSE
Irqn,FALSE,TRUE,TRUE
OkkJ,FALSE,FALSE,FALSE
kwJ3,FALSE,FALSE,FALSE
YrZF,TRUE,FALSE,TRUE
B7hw,FALSE,FALSE,FALSE
I9US,FALSE,FALSE,FALSE
K9Ip,FALSE,FALSE,FALSE
6Ypg,FALSE,FALSE,FALSE
mn5k,FALSE,FALSE,FALSE
a3uM,FALSE,FALSE,FALSE
lgRg,TRUE,FALSE,TRUE
dmq1,FALSE,FALSE,FALSE
YZI4,TRUE,FALSE,TRUE
KUzS,FALSE,FALSE,FALSE
A9J9,FALSE,FALSE,FALSE
X421,FALSE,FALSE,FALSE
dml4,FALSE,FALSE,FALSE
rmiQ,FALSE,FALSE,FALSE
4aJr,FALSE,FALSE,FALSE
ySYJ,FALSE,FALSE,FALSE
16Wp,TRUE,FALSE,TRUE
NgYg,FALSE,FALSE,FALSE
geEK,TRUE,FALSE,TRUE
EWn3,FALSE,FALSE,FALSE
r24W,FALSE,FALSE,FALSE
BMzl,FALSE,FALSE,FALSE
5gs5,FALSE,FALSE,FALSE
dafu,FALSE,FALSE,FALSE
MK6u,FALSE,FALSE,FALSE
4YXo,FALSE,FALSE,FALSE
8jLJ,FALSE,TRUE,TRUE
xqWR,FALSE,FALSE,FALSE
afbM,FALSE,FALSE,FALSE
nSGN,FALSE,TRUE,TRUE
ycES,FALSE,FALSE,FALSE
0TB3,FALSE,FALSE,FALSE
Wkaa,FALSE,FALSE,FALSE
69HM,FALSE,FALSE,FALSE
xcfN,FALSE,FALSE,FALSE
yXXK,FALSE,TRUE,TRUE
UiEx,FALSE,FALSE,FALSE
DLKS,FALSE,FALSE,FALSE
VCEo,FALSE,FALSE,FALSE
wuR6,FALSE,FALSE,FALSE
ZD0v,FALSE,FALSE,FALSE
3SHH,FALSE,FALSE,FALSE
tiaH,FALSE,FALSE,FALSE
ycyS,FALSE,FALSE,FALSE
HAWF,FALSE,FALSE,FALSE
uAKO,FALSE,FALSE,FALSE
8eGf,FALSE,FALSE,FALSE
4AA6,FALSE,FALSE,FALSE
3mIx,FALSE,FALSE,FALSE
bUQ3,FALSE,FALSE,FALSE
YVyz,FALSE,FALSE,FALSE
GYsM,FALSE,FALSE,FALSE
01N8,FALSE,FALSE,FALSE
2wJl,FALSE,FALSE,FALSE
qvfB,FALSE,FALSE,FALSE
EtWy,FALSE,TRUE,TRUE
f1WV,FALSE,FALSE,FALSE
JsQq,FALSE,FALSE,FALSE
3zdZ,FALSE,FALSE,FALSE
9UYJ,FALSE,FALSE,FALSE
T05M,FALSE,FALSE,FALSE
6cgw,FALSE,FALSE,FALSE
soBi,FALSE,FALSE,FALSE
JmWy,FALSE,FALSE,FALSE
tHaz,TRUE,FALSE,TRUE
7BN0,FALSE,FALSE,FALSE
3bzE,FALSE,FALSE,FALSE
SlJM,FALSE,FALSE,FALSE
at8P,FALSE,FALSE,FALSE
4gzW,FALSE,TRUE,TRUE
CtkF,FALSE,FALSE,FALSE
S9WA,FALSE,FALSE,FALSE
juY4,FALSE,FALSE,FALSE
Dh94,FALSE,FALSE,FALSE
jkp7,FALSE,FALSE,FALSE
PMJO,FALSE,FALSE,FALSE
PODT,FALSE,FALSE,FALSE
mnYu,FALSE,FALSE,FALSE
ZtUI,FALSE,FALSE,FALSE
reqm,FALSE,FALSE,FALSE
QXDi,TRUE,FALSE,TRUE
gnm3,FALSE,FALSE,FALSE
7YpJ,FALSE,FALSE,FALSE
KxkI,FALSE,FALSE,FALSE
XuLh,FALSE,TRUE,TRUE
NBFK,FALSE,FALSE,FALSE
q7st,FALSE,FALSE,FALSE
Ei2u,FALSE,FALSE,FALSE
j0Xi,FALSE,FALSE,FALSE
UjaW,FALSE,FALSE,FALSE
JPm6,FALSE,FALSE,FALSE
mxdE,FALSE,FALSE,FALSE
D3gz,FALSE,FALSE,FALSE
VYnE,FALSE,FALSE,FALSE
jrsz,FALSE,FALSE,FALSE
KgO8,FALSE,FALSE,FALSE
Qp4W,FALSE,FALSE,FALSE
PzWy,FALSE,TRUE,TRUE
9cHf,FALSE,FALSE,FALSE
UGnM,FALSE,FALSE,FALSE
BfFq,FALSE,FALSE,FALSE
MGwa,FALSE,TRUE,TRUE
HY8b,FALSE,FALSE,FALSE
110s,FALSE,FALSE,FALSE
CSiF,FALSE,FALSE,FALSE
OnvZ,FALSE,TRUE,TRUE
yJzp,FALSE,FALSE,FALSE
b4UM,FALSE,TRUE,TRUE
DJbc,FALSE,FALSE,FALSE
p0lQ,FALSE,FALSE,FALSE
1JQk,FALSE,TRUE,TRUE
ZSL5,FALSE,FALSE,FALSE
NOWN,FALSE,FALSE,FALSE
CYsJ,FALSE,FALSE,FALSE
m9t4,FALSE,FALSE,FALSE
Y1Tw,FALSE,FALSE,FALSE
wI1L,FALSE,TRUE,TRUE
T4BS,TRUE,FALSE,TRUE
fkeU,FALSE,FALSE,FALSE
NsDP,FALSE,TRUE,TRUE
Dati,FALSE,FALSE,FALSE
o7PN,FALSE,TRUE,TRUE
LhFp,FALSE,FALSE,FALSE
iVAf,FALSE,FALSE,FALSE
sYQf,FALSE,FALSE,FALSE
6NYO,FALSE,TRUE,TRUE
IT4v,FALSE,FALSE,FALSE
DW4Z,FALSE,FALSE,FALSE
lGUz,FALSE,FALSE,FALSE
ILo5,FALSE,FALSE,FALSE
fhQb,FALSE,FALSE,FALSE
GHdp,FALSE,FALSE,FALSE
zCYU,FALSE,FALSE,FALSE
LRci,FALSE,FALSE,FALSE
QycI,FALSE,FALSE,FALSE
7uSJ,FALSE,TRUE,TRUE
7idc,TRUE,FALSE,TRUE
vcYH,FALSE,FALSE,FALSE
tVyt,FALSE,FALSE,FALSE
MPzq,FALSE,FALSE,FALSE
9yjG,FALSE,FALSE,FALSE
3F9m,FALSE,FALSE,FALSE
mLic,FALSE,FALSE,FALSE
Gdf1,FALSE,FALSE,FALSE
kKPA,FALSE,FALSE,FALSE
3xJo,FALSE,FALSE,FALSE
vRdK,FALSE,FALSE,FALSE
SxSw,FALSE,FALSE,FALSE
R0pj,TRUE,FALSE,TRUE
8M14,TRUE,FALSE,TRUE
zkYi,FALSE,FALSE,FALSE
k9QS,FALSE,FALSE,FALSE
doep,FALSE,FALSE,FALSE
cErE,FALSE,FALSE,FALSE
8tl8,FALSE,FALSE,FALSE
pTuo,FALSE,FALSE,FALSE
YIGF,FALSE,FALSE,FALSE
g5oU,FALSE,FALSE,FALSE
doPb,FALSE,FALSE,FALSE
wc41,FALSE,FALSE,FALSE
sl8C,FALSE,FALSE,FALSE
t6Ng,FALSE,FALSE,FALSE
D5bt,FALSE,FALSE,FALSE
wokr,FALSE,FALSE,FALSE
jC8S,FALSE,FALSE,FALSE
azx6,FALSE,TRUE,TRUE
Kjvz,FALSE,FALSE,FALSE
SNn8,FALSE,FALSE,FALSE
fxg3,FALSE,FALSE,FALSE
P0Sa,TRUE,FALSE,TRUE
cymy,FALSE,FALSE,FALSE
cdhd,FALSE,FALSE,FALSE
J7rb,TRUE,FALSE,TRUE
SHY2,FALSE,FALSE,FALSE
LevG,FALSE,FALSE,FALSE
USMS,FALSE,FALSE,FALSE
xrNd,FALSE,FALSE,FALSE
UX2G,FALSE,TRUE,TRUE
RiA6,FALSE,FALSE,FALSE
7pmZ,FALSE,FALSE,FALSE
QJ3V,FALSE,FALSE,FALSE
qEcw,FALSE,FALSE,FALSE
TIKq,FALSE,FALSE,FALSE
m8og,FALSE,FALSE,FALSE
ZliI,FALSE,TRUE,TRUE
eMtr,FALSE,FALSE,FALSE
uAuU,TRUE,FALSE,TRUE
JgmA,FALSE,FALSE,FALSE
Kobg,FALSE,FALSE,FALSE
PEpD,FALSE,FALSE,FALSE
MSvN,FALSE,FALSE,FALSE
fxMr,FALSE,FALSE,FALSE
ETmW,FALSE,FALSE,FALSE
iPXX,FALSE,FALSE,FALSE
dVp7,FALSE,FALSE,FALSE
WmX9,FALSE,FALSE,FALSE
r3Ky,FALSE,FALSE,FALSE
Cfhe,TRUE,FALSE,TRUE
phtO,FALSE,FALSE,FALSE
weU4,FALSE,FALSE,FALSE
tNlq,FALSE,FALSE,FALSE
2BS0,FALSE,FALSE,FALSE
RhnM,FALSE,FALSE,FALSE
X83l,FALSE,FALSE,FALSE
WR5G,FALSE,FALSE,FALSE
76GH,FALSE,FALSE,FALSE
3CH7,TRUE,FALSE,TRUE
aHAA,FALSE,FALSE,FALSE
x3ga,FALSE,FALSE,FALSE
Sejb,FALSE,FALSE,FALSE
RX4D,FALSE,FALSE,FALSE
uOfM,FALSE,TRUE,TRUE
1uB5,FALSE,FALSE,FALSE
UFsF,FALSE,FALSE,FALSE
y8sf,FALSE,FALSE,FALSE
UR71,FALSE,FALSE,FALSE
ehUT,FALSE,FALSE,FALSE
sf9H,FALSE,FALSE,FALSE
dRVk,FALSE,FALSE,FALSE
U9sA,FALSE,FALSE,FALSE
uuen,TRUE,FALSE,TRUE
VsHT,FALSE,FALSE,FALSE
wm5e,TRUE,FALSE,TRUE
qsq7,FALSE,FALSE,FALSE
viRG,FALSE,FALSE,FALSE
X6Cy,FALSE,FALSE,FALSE
IH31,FALSE,FALSE,FALSE
NLmE,FALSE,FALSE,FALSE
L235,FALSE,FALSE,FALSE
xdc7,FALSE,TRUE,TRUE
SKpS,FALSE,FALSE,FALSE
ALiS,FALSE,FALSE,FALSE
2BIL,FALSE,FALSE,FALSE
StKG,FALSE,FALSE,FALSE
rQYW,FALSE,FALSE,FALSE
zNwj,FALSE,FALSE,FALSE
MDct,FALSE,FALSE,FALSE
5LNv,FALSE,FALSE,FALSE
MaAq,TRUE,TRUE,TRUE
4mHc,FALSE,FALSE,FALSE
yDRv,FALSE,FALSE,FALSE
4Clb,FALSE,FALSE,FALSE
jDf8,FALSE,FALSE,FALSE
csQk,FALSE,FALSE,FALSE
GfGj,FALSE,FALSE,FALSE
1dhU,FALSE,FALSE,FALSE
ajH6,TRUE,TRUE,TRUE
T1nq,FALSE,FALSE,FALSE
gp8t,FALSE,FALSE,FALSE
R96C,FALSE,FALSE,FALSE
x1Kb,FALSE,FALSE,FALSE
1UFu,FALSE,FALSE,FALSE
5Svs,FALSE,FALSE,FALSE
S6mO,FALSE,FALSE,FALSE
0jZ5,FALSE,FALSE,FALSE
bEfP,FALSE,FALSE,FALSE
9YWs,FALSE,FALSE,FALSE
gEYO,FALSE,FALSE,FALSE
JY8M,FALSE,TRUE,TRUE
wqDL,FALSE,FALSE,FALSE
pNa7,FALSE,FALSE,FALSE
O8eI,FALSE,FALSE,FALSE
muM9,FALSE,TRUE,TRUE
3VRK,FALSE,FALSE,FALSE
4YRu,FALSE,FALSE,FALSE
ULiT,FALSE,FALSE,FALSE
sQh7,FALSE,FALSE,FALSE
ADgH,FALSE,FALSE,FALSE
zJKN,FALSE,FALSE,FALSE
ULNx,FALSE,FALSE,FALSE
3rqR,FALSE,FALSE,FALSE
vYnP,FALSE,FALSE,FALSE
tw8K,FALSE,FALSE,FALSE
4N3W,TRUE,FALSE,TRUE
09or,FALSE,FALSE,FALSE
p8YZ,FALSE,FALSE,FALSE
gwwQ,FALSE,FALSE,FALSE
TpnS,FALSE,FALSE,FALSE
R23U,FALSE,FALSE,FALSE
gW5J,FALSE,FALSE,FALSE
Jhf9,FALSE,FALSE,FALSE
5qzc,FALSE,FALSE,FALSE
z9GG,FALSE,FALSE,FALSE
oDAW,FALSE,FALSE,FALSE
MeL2,FALSE,FALSE,FALSE
AwHN,FALSE,FALSE,FALSE
mZdS,FALSE,FALSE,FALSE
Ji7u,FALSE,FALSE,FALSE
KW9K,FALSE,FALSE,FALSE
AXe1,FALSE,FALSE,FALSE
RL7u,TRUE,FALSE,TRUE
4umt,FALSE,FALSE,FALSE
0EjI,FALSE,FALSE,FALSE
gADT,TRUE,FALSE,TRUE
YqPU,FALSE,TRUE,TRUE
ddyR,FALSE,FALSE,FALSE
dCLa,FALSE,FALSE,FALSE
Umhk,FALSE,FALSE,FALSE
RupM,TRUE,FALSE,TRUE
FyWF,FALSE,FALSE,FALSE
EJME,FALSE,FALSE,FALSE
SdEF,TRUE,FALSE,TRUE
ka0k,FALSE,TRUE,TRUE
h9Zd,FALSE,FALSE,FALSE
VMf9,FALSE,TRUE,TRUE
LFdG,FALSE,FALSE,FALSE
Hxep,FALSE,FALSE,FALSE
JswZ,FALSE,FALSE,FALSE
34b9,FALSE,FALSE,FALSE
xHnM,FALSE,FALSE,FALSE
TKS6,TRUE,FALSE,TRUE
z73x,TRUE,FALSE,TRUE
KgF4,FALSE,FALSE,FALSE
V65n,FALSE,FALSE,FALSE
KGXf,FALSE,FALSE,FALSE
YDYl,FALSE,FALSE,FALSE
b3qT,FALSE,FALSE,FALSE
bGtC,TRUE,FALSE,TRUE
q24d,FALSE,FALSE,FALSE
Dwpm,FALSE,FALSE,FALSE
zxoT,FALSE,FALSE,FALSE
HrJ1,FALSE,FALSE,FALSE
87hv,FALSE,FALSE,FALSE
N1nE,FALSE,FALSE,FALSE
xadi,TRUE,FALSE,TRUE
ZoFF,FALSE,FALSE,FALSE
JqX3,FALSE,FALSE,FALSE
rhof,FALSE,FALSE,FALSE
fmOk,FALSE,FALSE,FALSE
eNNg,FALSE,TRUE,TRUE
AKSz,FALSE,FALSE,FALSE
NHzC,FALSE,FALSE,FALSE
KCBf,FALSE,FALSE,FALSE
A6xp,FALSE,FALSE,FALSE
kDH6,FALSE,FALSE,FALSE
gsWj,FALSE,FALSE,FALSE
II1m,FALSE,TRUE,TRUE
8eFZ,FALSE,FALSE,FALSE
PaAF,FALSE,FALSE,FALSE
eKUZ,FALSE,FALSE,FALSE
8.00E+72,FALSE,FALSE,FALSE
1Fyx,FALSE,FALSE,FALSE
e0j2,FALSE,FALSE,FALSE
TCc1,FALSE,FALSE,FALSE
HGxh,FALSE,FALSE,FALSE
KaqE,FALSE,FALSE,FALSE
C59I,FALSE,FALSE,FALSE
01n0,FALSE,FALSE,FALSE
DHWv,TRUE,FALSE,TRUE
Y0fr,FALSE,FALSE,FALSE
B9oh,FALSE,FALSE,FALSE
t70b,FALSE,FALSE,FALSE
fHSI,FALSE,FALSE,FALSE
aPmT,FALSE,FALSE,FALSE
hxYM,FALSE,FALSE,FALSE
2Jkx,FALSE,FALSE,FALSE
oLft,FALSE,FALSE,FALSE
JsxT,FALSE,FALSE,FALSE
DPRV,FALSE,FALSE,FALSE
33b6,FALSE,FALSE,FALSE
sO7U,FALSE,FALSE,FALSE
10Gr,FALSE,FALSE,FALSE
Jnxv,FALSE,FALSE,FALSE
PG3L,FALSE,FALSE,FALSE
akF2,FALSE,FALSE,FALSE
SEez,FALSE,FALSE,FALSE
NUsy,FALSE,FALSE,FALSE
pUkh,TRUE,FALSE,TRUE
y72z,FALSE,FALSE,FALSE
cgLr,FALSE,FALSE,FALSE
p0LU,FALSE,FALSE,FALSE
t9qM,FALSE,FALSE,FALSE
suzz,FALSE,FALSE,FALSE
yJNm,FALSE,FALSE,FALSE
A9KN,FALSE,TRUE,TRUE
TCVv,FALSE,FALSE,FALSE
KsOI,FALSE,FALSE,FALSE
QpAO,FALSE,FALSE,FALSE
fVwq,FALSE,FALSE,FALSE
p4Ex,FALSE,TRUE,TRUE
XkJq,FALSE,FALSE,FALSE
kCtm,FALSE,FALSE,FALSE
bAIw,FALSE,FALSE,FALSE
j3Uz,FALSE,FALSE,FALSE
Ie0J,FALSE,FALSE,FALSE
GMMp,FALSE,FALSE,FALSE
j6Yt,FALSE,FALSE,FALSE
r140,TRUE,FALSE,TRUE
00SL,FALSE,TRUE,TRUE
ZoYL,FALSE,FALSE,FALSE
X8FR,FALSE,FALSE,FALSE
osin,FALSE,TRUE,TRUE
EVV0,TRUE,FALSE,TRUE
IOj6,FALSE,FALSE,FALSE
uYB6,FALSE,FALSE,FALSE
IM0n,FALSE,FALSE,FALSE
jjK7,FALSE,FALSE,FALSE
tMx5,FALSE,FALSE,FALSE
DZTw,FALSE,FALSE,FALSE
SilK,FALSE,FALSE,FALSE
7maO,FALSE,FALSE,FALSE
rjKI,FALSE,FALSE,FALSE
UW3B,FALSE,FALSE,FALSE
cHBc,TRUE,TRUE,TRUE
caYE,FALSE,TRUE,TRUE
CJtR,TRUE,FALSE,TRUE
TeSQ,FALSE,FALSE,FALSE
1srf,FALSE,FALSE,FALSE
wYkp,FALSE,FALSE,FALSE
h2pm,FALSE,FALSE,FALSE
mF7H,FALSE,FALSE,FALSE
S0aH,FALSE,FALSE,FALSE
wDBu,FALSE,TRUE,TRUE
jTap,FALSE,FALSE,FALSE
z0XU,FALSE,FALSE,FALSE
zfAW,FALSE,FALSE,FALSE
DCAe,TRUE,TRUE,TRUE
0dCs,FALSE,FALSE,FALSE
8rbv,FALSE,TRUE,TRUE
iLG2,FALSE,FALSE,FALSE
gFiP,FALSE,FALSE,FALSE
8N5i,FALSE,FALSE,FALSE
gaZx,FALSE,FALSE,FALSE
S3rM,FALSE,FALSE,FALSE
nP3b,FALSE,TRUE,TRUE
apYb,FALSE,FALSE,FALSE
WGHP,FALSE,FALSE,FALSE
Gftb,FALSE,FALSE,FALSE
iOIw,FALSE,FALSE,FALSE
FEot,FALSE,FALSE,FALSE
TbDO,FALSE,FALSE,FALSE
m92I,FALSE,FALSE,FALSE
VIue,FALSE,FALSE,FALSE
3Lk3,FALSE,FALSE,FALSE
WG6H,TRUE,FALSE,TRUE
Na61,FALSE,FALSE,FALSE
NIZP,FALSE,FALSE,FALSE
MFtz,FALSE,FALSE,FALSE
GNzB,FALSE,FALSE,FALSE
9iK4,FALSE,FALSE,FALSE
Bnto,FALSE,FALSE,FALSE
SSFJ,FALSE,FALSE,FALSE
6iUp,TRUE,TRUE,TRUE
HyYX,FALSE,FALSE,FALSE
S7p8,FALSE,FALSE,FALSE
5wna,FALSE,FALSE,FALSE
h8za,FALSE,FALSE,FALSE
vQfA,FALSE,FALSE,FALSE
8rBx,FALSE,FALSE,FALSE
zc8n,FALSE,FALSE,FALSE
EEsI,FALSE,FALSE,FALSE
3SrY,TRUE,FALSE,TRUE
u185,TRUE,FALSE,TRUE
eG3r,FALSE,FALSE,FALSE
x3kS,FALSE,TRUE,TRUE
RD6R,FALSE,FALSE,FALSE
xvSB,FALSE,FALSE,FALSE
hPRE,FALSE,FALSE,FALSE
